Google Documents,理財幫手AndroMoney,2026/09/17,,,,,,,,,,,,
Id,幣別,金額,分類,子分類,日期,付款(轉出),收款(轉入),備註,Periodic,專案,商家(公司),uid,時間,status
1,TWD,9250,3C通訊,手機,20210921,信用卡,,,,,,da5fcdad899b4b3c82a15691bea4da68,1455,
2,TWD,5000,餐飲食品,cash,20210921,現金,,,,,,560ff66d2ac5478eb6fcd5439d149658,1520,
3,TWD,3145,服飾美容,褲子,20210921,信用卡,,,,,,7a96d32916dc4db79233a308e8f00b7e,1620,
4,TWD,1129,餐飲食品,晚餐,20210921,信用卡,,,,,,b8bd600e82ad4bc3b7c9f233c632f26c,1646,
5,TWD,500000,醫療保健,保險,20210924,現金,,,,,,977dc8a1f3474749997af2676ff8c7fb,1112,
6,TWD,350,3C通訊,手機,20210924,現金,,,,,,ef147ca91100462b91786f23fcb3d118,1734,
7,TWD,5000,餐飲食品,cash,20210925,現金,,,,,,a6cd520fce164f54832e95e7959bae6f,811,
8,TWD,1624,休閒娛樂,露營用品,20210926,現金,,,,,,9af31f6bf7d8456fa9bb37c64ee6c391,1759,
9,TWD,463,餐飲食品,晚餐,20210926,信用卡,,,,,,3dea31f513fd4fe695e504ce89e34d2b,2003,
10,TWD,1463,餐飲食品,食材,20210926,現金,,,,,,295bde03333c42a0b764bde024c20fac,2003,
11,TWD,1175,3C通訊,手機,20210926,信用卡,,,,,,f383449c8e3742f58b00a29209a484fb,657,
12,TWD,937,圖書刊物,書籍,20210927,信用卡,,,,,,1cbfb15e31e74a7ab06c717c9903a90a,2118,
13,TWD,841,運輸交通,ETC,20210928,信用卡,,,,,,dc79718d6ee5499bb0c370ee78c89071,2048,
14,TWD,685,休閒娛樂,露營用品,20210928,信用卡,,,,,,e6c5ab718b6e4afb9264e5358b4db067,2327,
15,TWD,398,居家生活,水費,20211001,信用卡,,,,,,4b9f1ff5bb1647a1bc5206003bed37ad,1029,
16,TWD,962,餐飲食品,午餐,20211003,信用卡,,,,,,b8ab0a325cdd4ac68fef874b1d34eea6,1500,
17,TWD,1500,稅務捐款,慈善捐款,20211003,信用卡,,,1|20211003|20260903||2|1,,,e9ec2a398cd94d7cbe88b2298330d995,1704,
18,TWD,80000,餐飲食品,Wife,20211003,現金,,,,,,dff87a4971f1435d9f06abff8d2602bf,2115,
19,TWD,1328,休閒娛樂,露營用品,20211004,信用卡,,,,,,4922756e779e45e58d5da220e03f3fec,2209,
20,TWD,1328,休閒娛樂,露營用品,20211004,信用卡,,,,,,a8bab3592c4a4f8c88158f91a5191f72,2210,
21,TWD,1000,稅務捐款,慈善捐款,20211005,信用卡,,,,家扶,,0fa22cc6369c445aa375c20ecd4f6984,1055,
22,TWD,11326,汽機車,保險與稅捐,20211006,信用卡,,,,,,51b4bba0aa3f4fdca9cfb06437220116,1852,
23,TWD,24350,汽機車,維修保養,20211006,信用卡,,,,富邦,,7b8f004fda104e1e8f6267f29e5885ec,1852,
24,TWD,2013,服飾美容,配件,20211006,信用卡,,,,富邦,,6482154be6db458fbe447288eb4d7b04,2117,
25,TWD,1360,休閒娛樂,露營用品,20211006,信用卡,,,,富邦,,a06cea8bd12940afb8637c00f0fb4779,2243,
26,TWD,5840,餐飲食品,食材,20211007,信用卡,,,,Costco,,250ba32f6e3b4c85aa8df15c7af42c9d,2156,
27,TWD,11604,居家生活,管理費,20211008,現金,,,,,,dd3177e2e41646d0942fad8665cff378,2126,
28,TWD,5000,餐飲食品,點心零嘴,20211008,現金,,,,,,9b4b662754b94e8f9acb20e788927617,2228,
29,TWD,817,餐飲食品,點心零嘴,20211011,信用卡,,,,富邦,,3e686353c6584e479670530a302525a0,1657,
30,TWD,1862,餐飲食品,晚餐,20211011,信用卡,,,,富邦,,112fe24a8ee445afb46dbda175a2d0e1,1841,
31,TWD,1501,圖書刊物,書籍,20211014,信用卡,,,,富邦,,f9f1076c83cb4284a73174ec29824fad,2247,
32,TWD,1859,餐飲食品,晚餐,20211015,信用卡,,,,富邦,,744502615514484387f56f10feac4fba,2014,
33,TWD,1500,稅務捐款,慈善捐款,20211016,信用卡,,,,富邦,,3a10ea9910704dfd8724c7bdee6e3714,1013,
34,TWD,993,汽機車,油錢,20211016,信用卡,,,,富邦,,eee61e467bd147fa847646f8201d1f58,2225,
35,TWD,2000,稅務捐款,慈善捐款,20211020,信用卡,,,,富邦,,1487d3518e0b49f482548e229d47b53b,1155,
36,TWD,10000,餐飲食品,點心零嘴,20211021,現金,,,,,,238d4fbd2c824485a91fb069257b413c,1359,
37,TWD,16830,餐飲食品,晚餐,20211021,信用卡,,,,富邦,,b1a5d1c1618d4ef5a17ad5f7ee17d47b,2229,
38,TWD,4523,餐飲食品,點心零嘴,20211022,信用卡,,,,Costco,,a5311e1907714379987cd8dfb089c3e6,830,
39,TWD,1620,餐飲食品,午餐,20211023,信用卡,,,,富邦,,b027c1fb4b794fdbb638108944127161,1550,
40,TWD,3293,服飾美容,上衣,20211023,信用卡,,,,富邦,,a3bbb033c6cc44169600589d0e65472d,1551,
41,TWD,1033,餐飲食品,食材,20211024,信用卡,,,,富邦,,4922ea3cfa9a4d28820a98490cf73548,658,
42,TWD,1517,汽機車,油錢,20211025,信用卡,,,,富邦,,4dab334d265a4733b19be0ff752b02d1,1914,
43,TWD,9600,休閒娛樂,露營用品,20211029,現金,,露營,,,,320471eea5be443b8e80e5bf79590005,1726,
44,TWD,12118,休閒娛樂,旅行遊玩,20211030,信用卡,,,,富邦,,4dfec14e873340609f012212d5945e2a,1353,
45,TWD,19300,3C通訊,相機,20211030,現金,,GoPro,,,,ef3c297ec0134cb4b9bfb3684ef6d3ea,1953,
46,TWD,1990,服飾美容,配件,20211030,現金,,,,,,e6abd111fae746a19143da613aad9710,1954,
47,TWD,5000,餐飲食品,點心零嘴,20211031,現金,,,,,,a1175e7acf2542e3a34b6b96f361d132,1444,
48,TWD,1947,餐飲食品,晚餐,20211031,信用卡,,,,富邦,,e0c28e3f3edc46609744b2cf4b50406c,2238,
49,TWD,1500,稅務捐款,慈善捐款,20211102,信用卡,,,,富邦,,20aab2bd4e2340058a374f7cce21d934,649,
50,TWD,1500,稅務捐款,慈善捐款,20211103,信用卡,,,1|20211003|20260903||2|1,,,e9ec2a398cd94d7cbe88b2298330d995_20211103,,0
51,TWD,1000,稅務捐款,慈善捐款,20211105,信用卡,,,,富邦,,4fcec4f814674491bc32c5d084a48060,1257,
52,TWD,85000,餐飲食品,Wife,20211105,現金,,,,,,2d72c3ffe0594b819d157c48707fe129,1657,
53,TWD,2596,餐飲食品,晚餐,20211105,信用卡,,,,富邦,,1c6104db5d574f90b5d1c315efe4f3e7,1914,
54,TWD,3436,休閒娛樂,旅行遊玩,20211106,信用卡,,,,富邦,,467a04f6520941199578560f110c17a3,2223,
55,TWD,493,居家生活,瓦斯費,20211106,信用卡,,,,富邦,,e813dd546ee740b1bb16b3ec56db3d9f,2223,
56,TWD,18395,汽機車,保險與稅捐,20211109,信用卡,,朵,,富邦,,6d074f1333964717a81a85d5b9b5117d,1035,
57,TWD,3965,醫療保健,保險,20211109,信用卡,,朵,,富邦,,89ce6c04c8204fbabcd3603f5e55413e,1036,
58,TWD,5000,餐飲食品,點心零嘴,20211111,現金,,,,,,a4719f0cdb4442cd83fb568fdf8ec3fa,825,
59,TWD,2603,餐飲食品,晚餐,20211112,信用卡,,,,富邦,,58f8865d58c144d2a73b79874f9618d6,859,
60,TWD,15000,餐飲食品,點心零嘴,20211114,現金,,,,,,4178f08b9d1442dd82a7687b8f2bf60f,718,
61,TWD,9300,休閒娛樂,旅行遊玩,20211115,現金,,,,,,c46f0eb60bea4ca59c3a8fada550d25f,849,
62,TWD,1391,汽機車,油錢,20211115,信用卡,,,,富邦,,827f0792222243269b5b93e7bbb4c6e3,1859,
63,TWD,1500,稅務捐款,慈善捐款,20211116,信用卡,,,,富邦,,856fd3b4ed3c45879aba2799f08ddcec,931,
64,TWD,2000,稅務捐款,慈善捐款,20211119,信用卡,,,,富邦,,dc3554a4141a4a808ec1893407d2a5d5,1129,
65,TWD,1519,餐飲食品,晚餐,20211119,信用卡,,,,富邦,,950ccf70a1d64420920ff8c01621ae70,2055,
66,TWD,10000,餐飲食品,點心零嘴,20211119,現金,,,,,,5d51c7b14d804e1f80c8cf3a57bb9304,2055,
67,TWD,1474,汽機車,油錢,20211125,信用卡,,,,富邦,,a86f9506a1874f99bb075e3fc09a79e1,2053,
68,TWD,1500,稅務捐款,慈善捐款,20211202,信用卡,,,,富邦,,cb8639f5d370462eaafd3e3376d8a2f6,711,
69,TWD,1500,稅務捐款,慈善捐款,20211203,信用卡,,,1|20211003|20260903||2|1,,,e9ec2a398cd94d7cbe88b2298330d995_20211203,,0
70,TWD,1780,餐飲食品,晚餐,20211203,信用卡,,,,富邦,,a8c1d0681dc147dd8eec0ed8f51f9d0a,2115,
71,TWD,1555,休閒娛樂,旅行遊玩,20211205,信用卡,,,,富邦,,c80dcf0cfe3945cb9d5d048f3cc29b5b,1036,
72,TWD,2636,餐飲食品,食材,20211205,信用卡,,,,Costco,,31c3e56cee1f4e1ea29898818d6c9046,2009,
73,TWD,639,餐飲食品,食材,20211205,信用卡,,,,Costco,,4043dc73eba9421eb02b6b2d0d82dacb,2117,
74,TWD,1000,稅務捐款,慈善捐款,20211206,信用卡,,,,富邦,,ff8a768800584b0eb81ff0af6811bcd1,1114,
75,TWD,7675,餐飲食品,食材,20211206,現金,,烏魚子,,,,ed290af3d7144b84bce54c0f4d655e88,1114,
76,TWD,60000,餐飲食品,Wife,20211206,現金,,wife,,,,502dc1bfb99f4bd09f3bc5503dd424ca,1115,
77,TWD,1241,圖書刊物,書籍,20211208,信用卡,,,,富邦,,96e6322793074348a45a40c526a9723d,841,
78,TWD,10000,餐飲食品,點心零嘴,20211209,現金,,,,,,c0c64056510d483ebdd6ad4286d0368f,1753,
79,TWD,16742,餐飲食品,晚餐,20211209,信用卡,,,,富邦,,e633408707564fc1bcb2fa9bfcbb8cec,2054,
80,TWD,1750,餐飲食品,晚餐,20211211,信用卡,,,,富邦,,e0b854103f154557b347ac4f20daecbb,1848,
81,TWD,1402,汽機車,油錢,20211212,信用卡,,,,富邦,,2d74de20dea842b7acfba3236f21ca3d,2236,
82,TWD,1045,休閒娛樂,旅行遊玩,20211213,信用卡,,,,富邦,,b28fd1eec9b249899126c31073c89742,2052,
83,TWD,10000,餐飲食品,點心零嘴,20211214,現金,,,,,,dba43075e75f4359be88557060c9ce78,1942,
84,TWD,1500,稅務捐款,慈善捐款,20211216,信用卡,,,,富邦,,c6f8820a47c5478f88121592d78d69cd,721,
85,TWD,12270,餐飲食品,食材,20211216,信用卡,,,,Costco,,e6528c028b8a4383a32335c6a3f8a8aa,2131,
86,TWD,833,餐飲食品,食材,20211216,信用卡,,,,Costco,,94b9560bd97b4a17b382cdf63afcbd45,2132,
87,TWD,2000,稅務捐款,慈善捐款,20211220,信用卡,,,,富邦,,b4da39f8c923447d9db5a1cc5b5e47f5,1438,
88,TWD,3600,稅務捐款,保管箱,20211223,現金,,,,,,a8381fd0c8c34d5f8c42735ec087138a,1434,
89,TWD,5199,休閒娛樂,旅行遊玩,20211224,信用卡,,"

",,富邦,,7f73de7656524343a16cb6fde1110d6c,1106,
90,TWD,5000,餐飲食品,cash,20211224,現金,,,,,,dc5190bd4df045f09861abaffbd5e413,1809,
91,TWD,2796,休閒娛樂,旅行遊玩,20211226,信用卡,,,,富邦,,bb26b7d984184219922c04bffdec9069,948,
92,TWD,4128,休閒娛樂,旅行遊玩,20211226,信用卡,,,,富邦,,2fa7f366948442cea7d9f01136879fb3,1159,
93,TWD,2400,休閒娛樂,旅行遊玩,20211226,信用卡,,,,富邦,,039beb1a8c7e4f3abf41eb42ec4a732c,1200,
94,TWD,14870,服飾美容,配件,20211226,信用卡,,,,富邦,,66b7ad3379484e2b894370e2578022ac,1521,
95,TWD,3650,服飾美容,上衣,20211226,信用卡,,,,富邦,,d7af042d9063428f876da41738badcfe,1653,
96,TWD,3210,居家生活,家電用品,20211226,信用卡,,濾網,,富邦,,445aa4587e5d4380ba832406991cee69,2315,
97,TWD,15000,餐飲食品,點心零嘴,20211227,現金,,,,,,0d7ace624b9d46bda5038e373b11fbd3,2024,
98,TWD,10000,稅務捐款,慈善捐款,20211229,信用卡,,台東家扶,,富邦,,8d70bd4d5ccf4b40b9276a2df84ea6ff,1540,
99,TWD,1500,稅務捐款,慈善捐款,20220102,信用卡,,,,富邦,,0f9168b9663e4fae812f56b41a16a3ce,514,
100,TWD,1370,餐飲食品,食材,20220102,信用卡,,,,富邦,,f0ba8c4e46f143a2a99b1903cca1a74d,2027,
101,TWD,1500,稅務捐款,慈善捐款,20220103,信用卡,,,1|20211003|20260903||2|1,,,e9ec2a398cd94d7cbe88b2298330d995_20220103,,0
102,TWD,11604,居家生活,管理費,20220103,現金,,,,,,d4361b3c4b654d82bbcefaebbbfdbbb6,2313,
103,TWD,60000,餐飲食品,Wife,20220105,現金,,,,,,7ba1342fadc645c48ff659f522af3385,1324,
104,TWD,1500,稅務捐款,慈善捐款,20220105,信用卡,,,,富邦,,5c5616ea4e7042808844707743948a21,1324,
105,TWD,20000,餐飲食品,cash,20220108,現金,,wife,,,,c73d49cd1f9b4ead8c94def7da025c15,1230,
106,TWD,1498,餐飲食品,晚餐,20220114,信用卡,,,,富邦,,8b4b384b53a14f5e847467e8c2569397,2110,
107,TWD,100000,餐飲食品,Wife,20220114,現金,,紅包,,,,e337a8d4b6884b54a70f70d2313deda4,2111,
108,TWD,614,休閒娛樂,旅行遊玩,20220114,信用卡,,,,富邦,,a6d44c51fa9d42a98e358f9a0d9e7648,2115,
109,TWD,5000,餐飲食品,點心零嘴,20220115,現金,,,,,,d10a33f773b54539a0b2b200c24237a2,1219,
110,TWD,1500,稅務捐款,慈善捐款,20220116,信用卡,,,,富邦,,98d4772713d54b0fab48284743ba9707,830,
111,TWD,931,教育學習,書,20220116,信用卡,,,,富邦,,ef88ba4d81d047daa733aa59d827adc5,1536,
112,TWD,1389,汽機車,油錢,20220117,信用卡,,,,富邦,,1151206ae8a94756bc65cd20c8de7a39,2011,
113,TWD,2000,稅務捐款,慈善捐款,20220120,信用卡,,,,富邦,,c1ff36749e5745b89f313f71eb3d0f06,1335,
114,TWD,10000,餐飲食品,點心零嘴,20220121,現金,,,,,,f800471c4db7414ca2d5497863f748c3,1529,
115,TWD,1339,休閒娛樂,旅行遊玩,20220122,信用卡,,,,富邦,,16e8c7bae32c425b957e605393b107b0,1030,
116,TWD,1672,餐飲食品,晚餐,20220122,信用卡,,,,富邦,,39ec0b26b6ce473bafdf4aa9e5a71c71,1903,
117,TWD,1200,居家生活,網路費,20220124,現金,,,,,,2d8e75a61ffe4cef88b95907c7c18c58,2101,
118,TWD,10000,餐飲食品,點心零嘴,20220125,現金,,,,,,1cedf643d76e467ea5a0d960d006ea88,1844,
119,TWD,120000,餐飲食品,點心零嘴,20220127,現金,,紅包,,,,e639d0f8bf8d47b499218316087d1140,19,
120,TWD,11732,餐飲食品,食材,20220127,信用卡,,,,Costco,,54e04e978e5a4bf1b631a245310cc8fe,1920,
121,TWD,390,居家生活,水費,20220129,信用卡,,,,富邦,,e85eb127ec724bd4b37e9fee38eed5db,726,
122,TWD,102000,稅務捐款,慈善捐款,20220201,信用卡,,法鼓山梁皇,,富邦,,af147462150a480a8e909da44d498d3a,1236,
123,TWD,1500,稅務捐款,慈善捐款,20220202,信用卡,,,,富邦,,c8c70208c0f54d6da7963076c3f31005,1417,
124,TWD,1495,休閒娛樂,運動健身,20220202,信用卡,,,,富邦,,e948e4f273364afbb73ff6a484f4e5d9,1417,
125,TWD,2045,餐飲食品,午餐,20220202,信用卡,,,,富邦,,a8e88cf23e114236a2ce343989673ad6,1417,
126,TWD,1767,餐飲食品,點心零嘴,20220202,信用卡,,,,富邦,,cfe06cdf42314969b90b7bdaf977749a,2011,
127,TWD,671,餐飲食品,點心零嘴,20220202,信用卡,,,,富邦,,9ef4e777c65a43d4b9f66535d85d1e03,2011,
128,TWD,1500,稅務捐款,慈善捐款,20220203,信用卡,,,1|20211003|20260903||2|1,,,e9ec2a398cd94d7cbe88b2298330d995_20220203,,0
129,TWD,1654,餐飲食品,午餐,20220203,信用卡,,,,富邦,,626dbdfd5df3466aae367740220597ea,1305,
130,TWD,1000,稅務捐款,慈善捐款,20220207,信用卡,,,,富邦,,814d3d8fa971496186e9dd59784cee61,1207,
131,TWD,894,服飾美容,鞋子,20220212,信用卡,,,,富邦,,a32a354203104438a687d9ef201f3cd6,1655,
132,TWD,965,汽機車,維修保養,20220212,信用卡,,,,富邦,,682882d3136a44c78fe7e0e4cd8a78a5,1712,
133,TWD,3080,餐飲食品,晚餐,20220212,信用卡,,,,富邦,,5071c96b721b47249058556f1d7f93e8,2045,
134,TWD,1500,稅務捐款,慈善捐款,20220216,信用卡,,,,富邦,,f468bda916d84a9c83f08b27ac424d4e,1117,
135,TWD,1519,汽機車,油錢,20211116,信用卡,,,,富邦,,2952af52aa34436490ff7b942f052a8e,2012,
136,TWD,1519,汽機車,油錢,20220218,信用卡,,,,富邦,,4f854a4a66de458db6a214bc95cc127a,2014,
137,TWD,6000,稅務捐款,慈善捐款,20220218,現金,,,,,,defc186d438e475fa06846f9b933ceb0,825,
138,TWD,2000,稅務捐款,慈善捐款,20220218,信用卡,,,,富邦,,43e8054af4974dddbc5e2b05cccd0e73,915,
139,TWD,15000,教育學習,學雜費,20220218,現金,,,,,,19e5de39764f433880ba34e194a36422,2140,
140,TWD,20000,餐飲食品,點心零嘴,20220219,現金,,,,,,660f4c6dc333476bb94599cbdd27e884,908,
141,TWD,2492,餐飲食品,晚餐,20220225,信用卡,,,,富邦,,1fe8cb0068ae4195af8771f5ffadd61a,2046,
142,TWD,2076,教育學習,書,20220225,信用卡,,,,富邦,,0b855fae157342a48547b82ca8f3823f,2130,
143,TWD,3870,餐飲食品,晚餐,20220226,信用卡,,,,富邦,,319b416145c947b692c07e5a7d5def63,1913,
144,TWD,3132,餐飲食品,午餐,20220228,信用卡,,,,富邦,,768fa581401f4415b190dd190b12642b,1254,
145,TWD,2754,居家生活,電費,20220201,信用卡,,,,富邦,,bbbf18a28d6c40c69b81f4f3f7ac9529,2119,
146,TWD,1500,稅務捐款,慈善捐款,20220303,信用卡,,,1|20211003|20260903||2|1,,,e9ec2a398cd94d7cbe88b2298330d995_20220303,1704,0
147,TWD,2248,餐飲食品,晚餐,20220304,信用卡,,,,富邦,,09ff1477184741bdb6fe198d044fe0f1,1955,
148,TWD,80000,餐飲食品,Wife,20220304,現金,,,,,,97ee27544b224bf8a5513458f288a11f,2149,
149,TWD,922,運輸交通,ETC,20220304,信用卡,,,,富邦,,aadec4528b404b82beb36474fcf5c436,2149,
150,TWD,13148,休閒娛樂,旅行遊玩,20220305,信用卡,,,,富邦,,bf823698dc0748cd9d846c07ee93b226,1120,
151,TWD,2863,休閒娛樂,旅行遊玩,20220306,信用卡,,,,富邦,,842c4765102e4f4f9c174b9536feeb49,929,
152,TWD,1000,稅務捐款,慈善捐款,20220307,信用卡,,,,富邦,,d492c2aee40f43f2b288be4c4c3ad92f,1031,
153,TWD,1583,汽機車,油錢,20220307,信用卡,,,,富邦,,20f4a6915b904e198ec63f5d1f407a67,2222,
154,TWD,2073,餐飲食品,晚餐,20220311,信用卡,,9,,富邦,,e118666654d6417eaebd953938d723dc,2202,
155,TWD,2100,服飾美容,上衣,20220312,信用卡,,,,富邦,,459a27bc03454e6fa54b1811eb8dffb5,1835,
156,TWD,1500,餐飲食品,午餐,20220312,信用卡,,,,富邦,,ceca898ecef74435b5bc26efde10c60b,1835,
157,TWD,1228,餐飲食品,晚餐,20220312,信用卡,,,,富邦,,115fc0e40cd54759adcff4c7368d5008,1836,
158,TWD,4800,餐飲食品,食材,20220317,現金,,,,,華生,128d63e2f1fe403c95f61f494b6bff9f,1703,
159,TWD,2000,稅務捐款,慈善捐款,20220318,信用卡,,,,富邦,,ee2c4b1b54d545c58be5a6949ce50cdc,1121,
160,TWD,1875,圖書刊物,書籍,20220318,信用卡,,,,富邦,,7792dda0b0214c7daf00172cc79c0148,2145,
161,TWD,10000,餐飲食品,點心零嘴,20220319,現金,,,,,,b43068d5aeb44fa0ba4fdff59c13eb8b,2107,
162,TWD,2566,休閒娛樂,旅行遊玩,20220319,信用卡,,,,富邦,,606c89d55b344bbdb2aba230aa3ed24a,2215,
163,TWD,700,餐飲食品,晚餐,20220320,信用卡,,,,富邦,,a9d8744f64e84b8cbbb2dc758953e004,2013,
164,TWD,4467,居家生活,電費,20220322,信用卡,,"
",,富邦,,3d884b9dd91f44509663ca2917ad0ca6,1216,
165,TWD,1477,汽機車,油錢,20220325,信用卡,,,,富邦,,0039901bd39c4128ba9cd2e09b01f5a2,1714,
166,TWD,30000,稅務捐款,慈善捐款,20220330,信用卡,,,,富邦,法鼓山,3ec0a6d51d654dec911e25e02d8250eb,2350,
167,TWD,5000,餐飲食品,cash,20220402,現金,,,,,,2bd3d6dffd3348ca9dacaf3e7146898e,1119,
168,TWD,11594,居家生活,管理費,20220402,現金,,,,,,b618b97a4dd24b1086b64d587dcdef07,1128,
169,TWD,7120,汽機車,牌照稅,20220402,信用卡,,3180-M6,,富邦,,9480c92d54db41c5b2a4d4fc5c23b7c2,1139,
170,TWD,7120,汽機車,牌照稅,20220402,信用卡,,BEP-3023,,富邦,,afbdffe3e28d4acd9d4b23cddc22026f,1142,
171,TWD,1024,餐飲食品,午餐,20220402,信用卡,,,,富邦,,40f445e979f742d3b09ed5e8564d1354,1523,
172,TWD,3788,服飾美容,配件,20220402,信用卡,,,,富邦,,2b28e0d091bd4503b45ec725e287ef5d,1620,
173,TWD,1716,餐飲食品,晚餐,20220402,信用卡,,,,富邦,,693e6d7a9a2b4e5fa0a9fe9df5e37dbb,1924,
174,TWD,1500,稅務捐款,慈善捐款,20220403,信用卡,,,1|20211003|20260903||2|1,,,e9ec2a398cd94d7cbe88b2298330d995_20220403,,0
175,TWD,66000,餐飲食品,Wife,20220403,現金,,,,,,f0ddeb472c4f485d8bf0b8ef2d196ccb,2321,
176,TWD,1000,餐飲食品,晚餐,20220406,信用卡,,,,富邦,,392b0f30b7ae4a04a2dcc473cc93e305,1152,
177,TWD,1563,汽機車,油錢,20220410,銀行,,,,富邦,,03ee214da5c44f7fa3519877efa207e2,1505,
178,TWD,1914,餐飲食品,點心零嘴,20220410,信用卡,,,,富邦,,1d8eb87f8b6e477aaad884a6a480c590,2003,
179,TWD,6154,餐飲食品,食材,20220414,信用卡,,,,Costco,華生,3cc4cd106496488f8e053d5ecfa37008,2000,
180,TWD,2106,圖書刊物,書籍,20220414,信用卡,,,,富邦,,418a036c931147edb2e56046eb8b9ab2,2327,
181,TWD,1500,稅務捐款,慈善捐款,20220416,信用卡,,,,富邦,,12c5d8235c314b47978e1f64b768d035,750,
182,TWD,10000,餐飲食品,cash,20220417,現金,,,,,,54d6e9411d6248588972aa1534944263,1948,
183,TWD,10000,餐飲食品,cash,20220419,現金,,,,,,18c526c6049c4182a15b8ff41854568e,1817,
184,TWD,13024,餐飲食品,晚餐,20220419,信用卡,,,,富邦,,77a2a26957b642bfa93bf06818bd399d,2117,
185,TWD,2000,稅務捐款,慈善捐款,20220420,信用卡,,,,富邦,,fba2d9c956a04006895d66d08398e9ba,1313,
186,TWD,17533,醫療保健,保險,20220420,信用卡,,彤,,富邦,,d1436610786e452a8c21f40a7435cf99,2125,
187,TWD,3767,醫療保健,保險,20220420,信用卡,,彤,,富邦,,43af270f5f6545eca848292566f1f2df,2126,
188,TWD,17813,醫療保健,保險,20220420,信用卡,,名,,富邦,,0a4a02025ee843e188f12707e42f70b9,2126,
189,TWD,3787,醫療保健,保險,20220420,信用卡,,名,,富邦,,95d60cc4448f48d9b3ce34f013f62749,2127,
190,TWD,1180,休閒娛樂,旅行遊玩,20220421,信用卡,,,,富邦,,f3b1f08543c44cbf90c3517b8a8a4261,1302,
191,TWD,1325,餐飲食品,食材,20220424,信用卡,,,,富邦,,1ee10c1494ce4b93b4144090327f2196,1253,
192,TWD,1631,圖書刊物,書籍,20220426,信用卡,,,,富邦,,203b2b3accfc4c7993cb697f2583beca,2145,
193,TWD,1644,居家生活,瓦斯費,20220430,信用卡,,,,富邦,,f5937f91afb4401abd0a809454eeb617,1125,
194,TWD,3639,休閒娛樂,露營用品,20220501,信用卡,,,,富邦,,9a640f9726a8491a9376993b2b075ed8,1819,
195,TWD,34403,居家生活,房屋稅,20220501,信用卡,,,,富邦,,68e45551cbee4dfaa78f05cb403b710b,2300,
196,TWD,1500,稅務捐款,慈善捐款,20220503,信用卡,,,1|20211003|20260903||2|1,,,e9ec2a398cd94d7cbe88b2298330d995_20220503,1704,0
197,TWD,2426,圖書刊物,書籍,20220504,信用卡,,,,富邦,,50ef4afd4bc14b7c8f059508f3e5f548,2038,
198,TWD,68000,餐飲食品,Wife,20220504,現金,,,,,,611f92cf876040b3870807748dbfa626,2214,
199,TWD,1500,稅務捐款,慈善捐款,20220505,信用卡,,,,富邦,,e05c61e7b9c24d3d8aeba2c8e4004dd2,1411,
200,TWD,1577,汽機車,油錢,20220506,信用卡,,,,富邦,,f758c3888f2143729e78896a568e704f,1858,
201,TWD,1520,餐飲食品,午餐,20220508,信用卡,,,,富邦,,7dbfefec54c04da39464e532de16c61b,1548,
202,TWD,1600,服飾美容,鞋子,20220508,信用卡,,,,富邦,,3b168ac147ea416a9ccb06cf413d852f,1605,
203,TWD,100000,餐飲食品,Wife,20220509,現金,,,,,,e9fc5c78f51f45feb2ce47430e17b7ed,1317,
204,TWD,12100,醫療保健,身體檢查,20220511,信用卡,,,,富邦,,b016f0e66cf0463ba602f5b250658fd5,1308,
205,TWD,15000,醫療保健,身體檢查,20220511,信用卡,,,,富邦,,e2592bf93dca4ac7991a7a4719cd9677,1309,
206,TWD,1833,餐飲食品,食材,20220514,信用卡,,,,Costco,,6f106229f10b499e8f2a32ff06be1c68,2014,
207,TWD,880,服飾美容,配件,20220515,信用卡,,,,玉山,,dc364eae8b6c43f3b06ef1b1b7221679,2031,
208,TWD,1500,稅務捐款,慈善捐款,20220516,信用卡,,,,富邦,,342e60e00dd54d8d9cd9bb81b3205a13,1026,
209,TWD,2514,服飾美容,配件,20220518,信用卡,,"
",,富邦,,f2bac32a38fc46b180f733320c9b2789,2253,
210,TWD,3599,餐飲食品,食材,20220519,信用卡,,,,Costco,,a16a62f46433455c96c9fdd1e20f6269,2105,
211,TWD,4362,餐飲食品,食材,20220519,信用卡,,,,Costco,,c078faf0ee57493da1547442690fe1eb,2105,
212,TWD,2000,稅務捐款,慈善捐款,20220520,信用卡,,,,富邦,,e3df7e05c2ff4e83be34f411c4099b4c,923,
213,TWD,5000,餐飲食品,cash,20220523,現金,,,,,,ae6858b8d259411f83990b321d42220b,727,
214,TWD,1458,汽機車,油錢,20220529,信用卡,,,,富邦,,fa94b746957c485a9192aba8210a9bad,1241,
215,TWD,1500,稅務捐款,慈善捐款,20220602,信用卡,,,,富邦,,a094403956344aaa8b6dcde5ffb36ea0,652,
216,TWD,356,居家生活,水費,20220602,銀行,,,,玉山,,d4558644fb82492988ae7a8a5a710c29,653,
217,TWD,5000,餐飲食品,cash,20220602,現金,,"
",,,蘋果公司,1f5efc2a2b804643b04d6e3b9fe791e4,1809,
218,TWD,2277,餐飲食品,晚餐,20220602,信用卡,,,,玉山,,aebefc32c6c54b10b2ea41a1e38dfd57,2011,
219,TWD,1500,稅務捐款,慈善捐款,20220603,信用卡,,,1|20211003|20260903||2|1,,,e9ec2a398cd94d7cbe88b2298330d995_20220603,,0
220,TWD,2950,服飾美容,鞋子,20220603,信用卡,,,,富邦,,fd907b7595174df18b6b323f7afb2506,2051,
221,TWD,1954,休閒娛樂,露營用品,20220603,信用卡,,,,富邦,,4869a8b706144205a743c323be0fcecd,2051,
222,TWD,2307,休閒娛樂,旅行遊玩,20220604,信用卡,,,,富邦,,15ad8f1e41d54387a0bb6b12b65c836a,1633,
223,TWD,2271,餐飲食品,點心零嘴,20220604,信用卡,,,,富邦,,b00f580e1da64f11a8a4645d053d4154,1928,
224,TWD,1740,服飾美容,上衣,20220604,信用卡,,,,富邦,,a76cfcae55db426b99e40d1f601a3bd0,2039,
225,TWD,1257,服飾美容,上衣,20220605,信用卡,,,,富邦,,3d9e25780b6748e488f14dd47e38ff40,1049,
226,TWD,68000,餐飲食品,Wife,20220605,現金,,,,,,0f07b6f5a682401593e8f08c4aceba9b,1050,
227,TWD,1027,餐飲食品,晚餐,20220605,信用卡,,,,富邦,,c604b3c9a5de4ca09135417f7ead2235,1916,
228,TWD,1000,稅務捐款,慈善捐款,20220606,信用卡,,,,富邦,,1772bba2562d4d0b9e0097f001881bd8,1000,
229,TWD,20000,餐飲食品,cash,20220611,現金,,,,,,283e550549684f5abc1e807182d7b777,1514,
230,TWD,3168,餐飲食品,午餐,20220611,信用卡,,,,永豐,,4ffc91873cc248ab928683445d3b2833,1717,
231,TWD,2971,餐飲食品,食材,20220612,信用卡,,,,Costco,,b9cd9fce94ac4f4ea65a6aefaeec6e7c,2041,
232,TWD,1500,稅務捐款,慈善捐款,20220616,信用卡,,,,富邦,,fbe93e2c8e844b3783707284c80dd288,1210,
233,TWD,1700,餐飲食品,晚餐,20220617,信用卡,,,,永豐,,5dd309127bd44c59801662f19664de48,2102,
234,TWD,2506,餐飲食品,食材,20220619,信用卡,,,,永豐,,ffb295d1f711451697bf1cc2748729f4,2357,
235,TWD,798,服飾美容,上衣,20220619,信用卡,,,,永豐,,04fde5c72384499f942ff0a4aebb25b7,2358,
236,TWD,2000,稅務捐款,慈善捐款,20220620,信用卡,,,,富邦,,31fed3a270cd40339dcb68a979c86170,942,
237,TWD,1505,汽機車,油錢,20220621,信用卡,,,,永豐,,15e02822cdc44b0188c3cb4411cce41a,2308,
238,TWD,11628,休閒娛樂,旅行遊玩,20220623,信用卡,,,,永豐,,a63d07d8e7f34e48a47c8cab3c6a6100,1858,
239,TWD,1200,休閒娛樂,旅行遊玩,20220625,信用卡,,,,永豐,,21e7284f70a24e62a6a8133388267886,726,
240,TWD,10000,餐飲食品,cash,20220625,現金,,,,,,9e1cadf826e94cd6bc95ae384140e537,812,
241,TWD,2553,教育學習,書,20220629,信用卡,,,,永豐,,5762551a0abd421e85f381d099a54705,2127,
242,TWD,1204110,稅務捐款,綜所稅,20220630,信用卡,,,,永豐,,c39fd0ec1aac4db6a4365dfa2c1e73ff,2249,
243,TWD,11300,餐飲食品,cash,20220701,現金,,,,,,43cff7ebe89e4d17a1f2fa960f029e85,1327,
244,TWD,1680,餐飲食品,晚餐,20220701,信用卡,,,,永豐,,4d7c4d387d6741acab4a8c1f3b24ce8a,2141,
245,TWD,1500,稅務捐款,慈善捐款,20220702,信用卡,,,,富邦,,e34ac7a0ecbe481aaace8bc8cad57f2d,724,
246,TWD,1500,稅務捐款,慈善捐款,20220703,信用卡,,,1|20211003|20260903||2|1,,,e9ec2a398cd94d7cbe88b2298330d995_20220703,,0
247,TWD,1825,汽機車,油錢,20220704,信用卡,,,,永豐,,3215eaea2b584667a4b0505fca9a6908,733,
248,TWD,68000,餐飲食品,Wife,20220704,現金,,,,,,069c856abadd47e5a36b2ab632638b75,2303,
249,TWD,72000,教育學習,補習費,20220704,現金,,,,,,455cc5cd5511404080a6d501d4aa6c02,2303,
250,TWD,11604,居家生活,管理費,20220704,現金,,,,,,bf00bdc837534e178a1d17cdc105b396,2303,
251,TWD,1000,稅務捐款,慈善捐款,20220705,信用卡,,,,富邦,,7dee84a615ee49509006eff904418552,1019,
252,TWD,5203,餐飲食品,食材,20220709,信用卡,,,,Costco,,f86119b044fa4011abe234767605be6e,1723,
253,TWD,2134,休閒娛樂,露營用品,20220709,信用卡,,,,永豐,,8be1715ff0084be182d6b22f1f853c55,1723,
254,TWD,2059,餐飲食品,晚餐,20220715,信用卡,,,,永豐,,bd63ed2ad1cd47efb41d41fdeb3c2c93,1951,
255,TWD,1500,稅務捐款,慈善捐款,20220716,信用卡,,,,富邦,,dc66845364174bbe9ddca375246b96d1,745,
256,TWD,10000,餐飲食品,cash,20220716,現金,,,,,,eb4974fb584f4820bde88edb290b3252,2108,
257,TWD,1925,餐飲食品,午餐,20220717,信用卡,,,,永豐,,6f6a63f63c8c44428ce1f85014d7b4bc,831,
258,TWD,2514,餐飲食品,晚餐,20220717,信用卡,,"
",,永豐,,22ca3bea9f3f46478de211e5eeb9ac4b,1909,
259,TWD,4908,居家生活,電費,20220720,信用卡,,,,玉山,,bba5ea5890184ceb9d85626b36bd3442,2251,
260,TWD,1667,餐飲食品,午餐,20220723,信用卡,,,,永豐,,ee321258436f4da9a390b3b08e98a3a2,2028,
261,TWD,2499,休閒娛樂,旅行遊玩,20220724,信用卡,,,,永豐,,dc13b755cc794fd59de0bd315ea2053f,1056,
262,TWD,1249,餐飲食品,午餐,20220724,信用卡,,,,永豐,,c938cdbff54c49f08851ddf59537e254,1403,
263,TWD,2095,服飾美容,配件,20220724,信用卡,,,,玉山,,14e7ebf4c98941a7997966b35b9a2d16,1407,
264,TWD,1093,餐飲食品,晚餐,20220724,信用卡,,,,永豐,,f4f22ed009444e80a2a70ecb9a131179,1834,
265,TWD,100000,餐飲食品,Wife,20220725,現金,,,,,,ca3af1c2137b41f58ec7db00a2e46293,830,
266,TWD,900,餐飲食品,食材,20220730,信用卡,,,,永豐,,148f028efdb742faa188c7561616639f,1733,
267,TWD,1556,汽機車,油錢,20220730,信用卡,,,,永豐,,c37b1f012beb454692d5f8ecc9e599d0,1733,
268,TWD,100000,餐飲食品,cash,20220802,現金,,,,,,4a3cad0a3fee4b80a0191ed7959c5fa5,1,
269,TWD,1500,稅務捐款,慈善捐款,20220802,信用卡,,,,富邦,,e5cb4b2972944dce9d37324790371108,931,
270,TWD,1500,稅務捐款,慈善捐款,20220803,信用卡,,,1|20211003|20260903||2|1,,,e9ec2a398cd94d7cbe88b2298330d995_20220803,,0
271,TWD,1500,稅務捐款,慈善捐款,20220805,信用卡,,,,富邦,,27496e19a6bf400f929d388a78f18cf8,1222,
272,TWD,8050,休閒娛樂,旅行遊玩,20220806,信用卡,,,,永豐,,69edd331134a48ce86ec2e48e4b2742c,751,
273,TWD,5000,餐飲食品,cash,20220806,現金,,,,,,26f1637c85f54fd2b243e99dfefb12e1,1942,
274,TWD,1456,汽機車,油錢,20220813,信用卡,,,,永豐,,f0b5bd75fc3447cf97d1ed87f69546f8,1240,
275,TWD,20000,餐飲食品,cash,20220813,現金,,,,,,6f034156281443ccb84adc9182f9f8de,2032,
276,TWD,2800,休閒娛樂,旅行遊玩,20220814,信用卡,,,,永豐,,3003e11bf62c4b19988c123855caa9f1,1551,
277,TWD,1575,餐飲食品,晚餐,20220814,信用卡,,,,永豐,,a2d62aa46e7c41eca29c61117b9ff5bb,1827,
278,TWD,1500,稅務捐款,慈善捐款,20220816,信用卡,,,,富邦,,72006dbac44b48a6be943ae960bc2211,728,
279,TWD,1302,汽機車,油錢,20220817,信用卡,,,,永豐,,97f1e6db20ab432e9c7916db5767cf9f,1640,
280,TWD,20000,餐飲食品,cash,20220818,現金,,,,,,81cda1b3ab354027a3af96a328a434e7,1928,
281,TWD,2000,稅務捐款,慈善捐款,20220819,信用卡,,,,富邦,,197076487db84adc96e68ea363f4ac8e,1108,
282,TWD,5000,餐飲食品,cash,20220819,現金,,,,,,1fe95a3dd041477baf42168c6094f1ed,1736,
283,TWD,2633,餐飲食品,食材,20220827,信用卡,,,,Costco,,fd124725a22e4a6d9e926ec07e41e488,2135,
284,TWD,1004,餐飲食品,食材,20220828,信用卡,,,,永豐,,fb08b6307b1f48d591a6c3656ddd10bd,1958,
285,TWD,1461,汽機車,油錢,20220828,信用卡,,,,永豐,,8d25da3408cf411fae8bb45fcccf0f5a,1959,
286,TWD,100000,餐飲食品,Wife,20220901,現金,,,,,,77da486124b54f96add914b747d915fe,2345,
287,TWD,1500,稅務捐款,慈善捐款,20220902,信用卡,,,,富邦,,c3ecc53d4ce043e9b6f8da1fd1cbcdd3,848,
288,TWD,1500,稅務捐款,慈善捐款,20220903,信用卡,,,1|20211003|20260903||2|1,,,e9ec2a398cd94d7cbe88b2298330d995_20220903,,0
289,TWD,2399,居家生活,家電用品,20220903,信用卡,,,,Costco,,75d99fd9b424420a8575f47c2813f004,1144,
290,TWD,3330,休閒娛樂,旅行遊玩,20220903,信用卡,,,,永豐,,090608b60ec74b0fa4cfe5d2035b43a1,1619,
291,TWD,1114,圖書刊物,書籍,20220903,信用卡,,,,永豐,,2b1c0456189c415788f7e9140540251f,1707,
292,TWD,5000,餐飲食品,cash,20220903,現金,,,,,,205e72e57e1b49f196516391166b1c13,1737,
293,TWD,3000,服飾美容,上衣,20220903,信用卡,,,,永豐,,2c70f495a9e440e3a1dafe41e63c9e89,1802,
294,TWD,1685,餐飲食品,晚餐,20220903,信用卡,,,,永豐,,dea02c6471e14e129a2683824dd1dfd6,1910,
295,TWD,1000,稅務捐款,慈善捐款,20220905,信用卡,,,,富邦,,946ff0ce226547aea66de1852255a61d,1047,
296,TWD,5177,餐飲食品,食材,20220907,信用卡,,,,Costco,,3e501117d94143eb8d0f1c92e4e95d8f,2118,
297,TWD,1324,汽機車,油錢,20220909,信用卡,,,,永豐,,9093e159b90b4fa69296e68eefb5055f,1134,
298,TWD,2241,服飾美容,上衣,20220910,信用卡,,,,永豐,,4e2edd894daf46dda02543724662aa02,1657,
299,TWD,5233,服飾美容,上衣,20220910,信用卡,,,,永豐,,ebbfc371f681412e9c3d606e1b67d225,1657,
300,TWD,1606,餐飲食品,晚餐,20220910,信用卡,,,,永豐,,01c03b6f9db7479cb3da6c353fab0c23,1844,
301,TWD,10000,稅務捐款,慈善捐款,20220915,信用卡,,,,永豐,,b3bb0d06051c4d299f3c59dd63eadc41,2258,
302,TWD,1500,稅務捐款,慈善捐款,20220916,信用卡,,,,富邦,,56402f1cd2fb4aa4a6e9998606bc6693,716,
303,TWD,1665,餐飲食品,食材,20220917,信用卡,,,,永豐,,d5c1f114d89f408ea60c099d202106fb,1736,
304,TWD,5000,餐飲食品,cash,20220917,現金,,,,,,c785f0d9971048ea865e663a98825995,1852,
305,TWD,2684,餐飲食品,晚餐,20220918,信用卡,,,,永豐,,8a226f516762429fbcd0342cb7071ff5,1915,
306,TWD,2000,稅務捐款,慈善捐款,20220920,信用卡,,,,富邦,,ceb36c5e463a42fa9d20358a9f8299da,1011,
307,TWD,20000,教育學習,學雜費,20220921,現金,,,,,,c0e37d91d9a842709ae59af2e1a7bd22,22,
308,TWD,6171,居家生活,電費,20220921,信用卡,,,,玉山,,eeec1922c6574c849238b51c8f84de5c,2143,
309,TWD,1901,餐飲食品,晚餐,20220923,信用卡,,,,玉山,,1ba187bea19f48db9154bdf942a4272f,2111,
310,TWD,1022,圖書刊物,書籍,20220929,信用卡,,,,永豐,,625e0bf084e1464aa54a0d57386f4eae,714,
311,TWD,1500,稅務捐款,慈善捐款,20221003,信用卡,,,1|20211003|20260903||2|1,,,e9ec2a398cd94d7cbe88b2298330d995_20221003,1704,0
312,TWD,100000,餐飲食品,Wife,20221002,現金,,,,,,46fe0b8bc15b4e60bf40a2da4cd31c93,2228,
313,TWD,14004,汽機車,保險與稅捐,20221003,信用卡,,,,永豐,,3b28ef320e224e1e81ade7f4df030f26,1551,
314,TWD,433,居家生活,水費,20221005,信用卡,,,,玉山,,ced0e9f7ce4046549d903485c2960ea5,806,
315,TWD,1000,稅務捐款,慈善捐款,20221005,信用卡,,,,富邦,,bcebd9123d434995b00effff921ed444,1206,
316,TWD,12367,汽機車,維修保養,20221005,信用卡,,,,永豐,,0039f87183ad42ad85e4b973428884e7,1950,
317,TWD,1770,圖書刊物,書籍,20221005,信用卡,,,,永豐,,d4500acf4340466db9595b5636abf7f3,2110,
318,TWD,20000,餐飲食品,cash,20221008,現金,,,,,,076d9d81bb5148afae3de5d7e7f2bf82,1106,
319,TWD,589,餐飲食品,午餐,20221009,信用卡,,,,永豐,,eb795def637f4b3297d4752c38474eb1,1537,
320,TWD,1509,汽機車,油錢,20221009,信用卡,,,,永豐,,4bfc25d00a624d7d98dda4a4bf853658,1537,
321,TWD,1135,餐飲食品,晚餐,20221009,信用卡,,,,永豐,,bbcc427d1ff94b629dd22b2099e48ddf,1954,
322,TWD,7274,居家生活,傢俱,20221009,信用卡,,,,永豐,,2cc2baeb957f48ffafa518bb5d45aa0f,2053,
323,TWD,998,服飾美容,配件,20221010,信用卡,,,,永豐,,c26879123c7346deb249558c27088a5d,1757,
324,TWD,23000,服飾美容,眼鏡,20221010,信用卡,,,,永豐,,724185b18867459aa22225a5b2d083f7,2047,
325,TWD,500000,醫療保健,保險,20221013,現金,,,,,,807b3e4ab9b94fdeb0029b37313b0067,1220,
326,TWD,1595,餐飲食品,午餐,20221015,信用卡,,,,永豐,,b30362a7b4e14fcb9a351d8f4eca3f77,1518,
327,TWD,992,餐飲食品,食材,20221015,信用卡,,,,永豐,,30cb2f34c6974ad4a676f06c537a8978,1538,
328,TWD,490,服飾美容,配件,20221015,信用卡,,,,永豐,,8dfb2f97a5ab4c3d97871dab7bdf0295,1633,
329,TWD,6518,餐飲食品,食材,20221016,信用卡,,,,Costco,,2a7d234292694eb683f0f159ae45b537,1233,
330,TWD,4558,餐飲食品,食材,20221016,信用卡,,,,Costco,,76a60e4dcc1e4ff5969e7c37dbaaedaf,1525,
331,TWD,1500,稅務捐款,慈善捐款,20221016,信用卡,,,,富邦,,89d311a748d94269b27103c5dae22e59,1835,
332,TWD,66533,休閒娛樂,旅行遊玩,20221016,信用卡,,星宇航空,,永豐,,058d20f7e288478894bc50b22f41342f,1838,
333,TWD,1231,休閒娛樂,旅行遊玩,20221017,信用卡,,,,永豐,,289f083242794a1092a8948e599bb4e5,2234,
334,TWD,7680,汽機車,燃料費,20221017,現金,,,,,,2fd01ba0e11f4193b15dd826b1332fb0,2234,
335,TWD,11104,居家生活,管理費,20221017,現金,,,,,,6f9af053297c4b13be080253448e9717,2236,
336,TWD,20000,餐飲食品,cash,20221017,現金,,,,,,23f05da05d974076b47c2468ee45dea7,2256,
337,TWD,2000,稅務捐款,慈善捐款,20221020,信用卡,,,,富邦,,4edc15d17d0f40f7b67ef4fba8b3e45c,1344,
338,TWD,1666,餐飲食品,食材,20221021,信用卡,,,,永豐,,30bb8c79366e4662b0f9b2515e10b1ee,1404,
339,TWD,3500,服飾美容,配件,20221022,信用卡,,,,富邦,,0517baed8e804884baed054ea04037b2,1050,
340,TWD,1627,餐飲食品,午餐,20221023,信用卡,,,,永豐,,dfdce2501dfd45acaf0286af89bcefa6,1407,
341,TWD,1387,餐飲食品,食材,20221023,信用卡,,,,永豐,,c9bdba599a8f46b0bb123d18f128f249,1512,
342,TWD,1288,休閒娛樂,旅行遊玩,20221025,信用卡,,星宇航空,,永豐,,e355d154fa8b43e3bd637537e6888eff,1727,
343,TWD,2515,餐飲食品,晚餐,20221028,信用卡,,,,永豐,,9f4e1033b6134ff99665f4cc37a36c8a,2029,
344,TWD,10000,餐飲食品,cash,20221028,現金,,,,,,9a1c8fd5b75e4c9f909cdb2ed24c28ef,2029,
345,TWD,1245,餐飲食品,食材,20221028,信用卡,,,,富邦,,f24981f712d04ce983d50a30727689c0,2146,
346,TWD,1645,餐飲食品,晚餐,20221030,信用卡,,,,永豐,,8af93f4c6c1040968024ea37373c16b4,1923,
347,TWD,3240,休閒娛樂,旅行遊玩,20221101,信用卡,,,,永豐,,a5d0b2575aad431e9f6a0294e45ed14e,1520,
348,TWD,1500,稅務捐款,慈善捐款,20221103,信用卡,,,1|20211003|20260903||2|1,,,e9ec2a398cd94d7cbe88b2298330d995_20221103,,0
349,TWD,3389,休閒娛樂,旅行遊玩,20221105,信用卡,,,,富邦,,581d84f5f826466799491667285f36da,910,
350,TWD,3800,休閒娛樂,旅行遊玩,20221105,信用卡,,,,富邦,,44a8c141a42f460681dd006f8926a220,911,
351,TWD,1146,餐飲食品,食材,20221106,信用卡,,,,永豐,,c3026b4298334fde9ca5b44961adf4b0,1647,
352,TWD,1000,稅務捐款,慈善捐款,20221107,信用卡,,,,富邦,,2e4d2cf4c794449baf161b4f169f0644,1156,
353,TWD,24000,醫療保健,保險,20221109,信用卡,,,,富邦,,0377317b23af44dcb08d94c385fdc782,1208,
354,TWD,12962,餐飲食品,晚餐,20221109,信用卡,,,,永豐,,f0b126e8f3254c38a7bdced88ecff7eb,2138,
355,TWD,10000,餐飲食品,cash,20221112,現金,,,,,,67d3476dc47e42d19a07074a24d6e0b2,1815,
356,TWD,100000,餐飲食品,Wife,20221101,現金,,,,,,31dab183fe754633bc643118726cb612,740,
357,TWD,1400,休閒娛樂,旅行遊玩,20221114,信用卡,,,,永豐,,8b12f56514ae4db7b49ce0049b7459a7,739,
358,TWD,1031,餐飲食品,晚餐,20221114,信用卡,,,,永豐,,9cc034114e47471990b00aec743bd725,739,
359,TWD,888,餐飲食品,食材,20221114,信用卡,,,,Costco,,51a8e0ea5efd43d09753ac8637906d6e,1503,
360,TWD,3300,居家生活,網路硬蝶,20221115,信用卡,,,,富邦,,90f1b12ec0de4d089c7c42d5c506bf85,654,
361,TWD,21390,3C通訊,電腦商品,20221115,信用卡,,,,永豐,,1d2e4c5984704deb9ec66c67b5c29104,2053,
362,TWD,2390,醫療保健,保險,20221115,信用卡,,,,永豐,,e0d3169657d24d7bb0485f1f9107c375,2054,
363,TWD,1500,稅務捐款,慈善捐款,20221116,信用卡,,,,富邦,,8296a706391a49cd832d13622d7c586f,808,
364,TWD,6678,休閒娛樂,旅行遊玩,20221117,信用卡,,,,永豐,,a557e3547d8e490793f53f74263f0eae,2000,
365,TWD,730,休閒娛樂,旅行遊玩,20221118,信用卡,,,,永豐,,3146a73eaa864ae7a05451301706edd4,1913,
366,TWD,6079,餐飲食品,食材,20221124,信用卡,,,,Costco,,1f2e6c2138514db5a31e1cbee2f61332,2057,
367,TWD,5000,餐飲食品,cash,20221126,現金,,,,,,6a57755628644a8eb9997a49272e005b,908,
368,TWD,1312,汽機車,油錢,20221126,信用卡,,,,永豐,,d406a231ef5248a79a882cbd3cebc9f8,1150,
369,TWD,1895,服飾美容,配件,20221127,信用卡,,,,玉山,,eb2ddf01ce7941269db82a5f584608d4,2016,
370,TWD,30000,稅務捐款,慈善捐款,20221127,信用卡,,法鼓山水陸法會,,永豐,法鼓山,9d3a95c1c8034a1991de0ae7e4b338e9,2245,
371,TWD,4358,居家生活,電費,20221128,信用卡,,,,玉山,,086bfefa96174bae845f71838594bd45,2211,
372,TWD,100000,餐飲食品,Wife,20221201,現金,,,,,,91651afb7ad24e3e974d388bca595092,1027,
373,TWD,1500,稅務捐款,慈善捐款,20221202,信用卡,,,,富邦,,31f02ab9102544f3a3a6cdc8eb952a35,656,
374,TWD,39094,休閒娛樂,旅行遊玩,20221202,信用卡,,,,永豐,,9a6dbfb751914b0d9ed24db85714aa96,2054,
375,TWD,1500,稅務捐款,慈善捐款,20221203,信用卡,,,1|20211003|20260903||2|1,,,e9ec2a398cd94d7cbe88b2298330d995_20221203,,0
376,TWD,459,居家生活,水費,20221203,信用卡,,,,玉山,,4f1b0a90312340b19d04c0ad67653933,745,
377,TWD,2790,餐飲食品,晚餐,20221203,信用卡,,,,永豐,,7b8550d269d74c0997f9c0520a29979b,1843,
378,TWD,1582,餐飲食品,午餐,20221204,信用卡,,,,永豐,,b1081bd22f39468a9670e14d288019d0,1424,
379,TWD,1666,服飾美容,上衣,20221204,信用卡,,,,永豐,,e2f2d56859c4460eb8867bb3d3c8001b,1438,
380,TWD,1000,稅務捐款,慈善捐款,20221205,信用卡,,,,富邦,,b08a0f42e8ea45ed83db53d625d2f65e,1152,
381,TWD,10000,餐飲食品,cash,20221208,現金,,,,,,5d049d42aa1c4ab39d6e30c93f0d1cc9,2301,
382,TWD,2411,餐飲食品,點心零嘴,20221209,信用卡,,,,Costco,,bf1db2e4b74b45c886ce9f81144656fb,11,
383,TWD,950,餐飲食品,晚餐,20221213,信用卡,,,,永豐,,15a5938111b645ceb9883536e307f414,2238,
384,TWD,1509,圖書刊物,書籍,20221214,信用卡,,,,永豐,,53e32f0860224ff4a84e52ad613d593e,2053,
385,TWD,1500,稅務捐款,慈善捐款,20221216,信用卡,,,,富邦,,41d2ff6fe33a48e4a39963769ffc5984,1155,
386,TWD,1800,餐飲食品,食材,20221217,信用卡,,,,富邦,,d3952b3dd55f4955983800cbcec7b18a,953,
387,TWD,1416,汽機車,油錢,20221217,信用卡,,,,永豐,,050c4119598247fc87d7be9f8f8f270d,1341,
388,TWD,1889,餐飲食品,午餐,20221217,信用卡,,,,永豐,,4b6c3c3daa14482891952c4334967f69,1523,
389,TWD,5652,餐飲食品,點心零嘴,20221217,信用卡,,,,Costco,,09c5a1400f204b3b81c639501df2001d,1636,
390,TWD,6066,服飾美容,上衣,20221217,信用卡,,,,永豐,,23d731f3ff5c43718680a49e6a612b3e,1636,
391,TWD,7979,餐飲食品,食材,20221221,信用卡,,,,Costco,,9d67a8b3a7e64357963f21fa945756bc,2048,
392,TWD,3146,餐飲食品,食材,20221225,信用卡,,,,永豐,,9dd8854cc9774d80932c276de5680099,1841,
393,TWD,1192,餐飲食品,晚餐,20221230,信用卡,,,,永豐,,e0b333b9bcaf46938ea4e074252fc534,1953,
394,TWD,11537,服飾美容,上衣,20221231,信用卡,,,,永豐,,d3e10f7d43f84f7095676c62a8e2e4c3,2057,
395,TWD,1500,稅務捐款,慈善捐款,20230103,信用卡,,,1|20211003|20260903||2|1,,,e9ec2a398cd94d7cbe88b2298330d995_20230103,1704,0
396,TWD,1429,餐飲食品,午餐,20230102,信用卡,,,,永豐,,782a4a18776f4304a19cf980a246e347,1329,
397,TWD,1771,餐飲食品,食材,20230102,信用卡,,,,永豐,,87f1877838294788a62e0f1ccea093e0,1557,
398,TWD,3100,服飾美容,上衣,20230102,信用卡,,,,,,3e38a8f4fa8948039db7f29533276af8,1557,
399,TWD,2100,服飾美容,上衣,20230102,信用卡,,,,永豐,,45ef1fac3ee749069e8107eeac4844e3,1620,
400,TWD,960,休閒娛樂,旅行遊玩,20230102,信用卡,,SIM card,,永豐,,52e0057fa67d4050b058ca95ebbd37a7,2313,
401,TWD,1783,休閒娛樂,旅行遊玩,20230102,信用卡,,Skylinear,,永豐,,b6276b15756349759417a2d5c7eb6d3f,2314,
402,TWD,100000,餐飲食品,Wife,20230103,現金,,,,,,8ffaeb74100c4938aa0e4a1657ea1f1f,2236,
403,TWD,100000,人情交際,紅包,20230103,現金,,,,,,62fcaa0dbd99424d8017b95ab3ba4a13,2237,
404,TWD,75000,教育學習,補習費,20230103,現金,,,,,,713c1d6f98be4a3da6fb59e377cf7a57,2237,
405,TWD,5000,餐飲食品,cash,20230104,現金,,,,,,6f725c423e0f4485ba4c2a58193fa664,724,
406,TWD,11604,居家生活,管理費,20230104,現金,,,,,,cb8327cc3cee45a49ccb0d179a94ab30,2141,
407,TWD,1500,稅務捐款,慈善捐款,20230105,信用卡,,,,富邦,,7073965ab92149178b0944aa148df757,1145,
408,TWD,770,餐飲食品,午餐,20230107,信用卡,,,,永豐,,dcf8acd9f6534509a941c4c6e8f9af59,1437,
409,TWD,1070,餐飲食品,午餐,20230114,信用卡,,,,永豐,,afb600f8f90c4e56bc865627678befba,1415,
410,TWD,1958,餐飲食品,晚餐,20230114,信用卡,,,,永豐,,ccc57a948fec4c5bb64426220cd0818e,1900,
411,TWD,1500,稅務捐款,慈善捐款,20230116,信用卡,,,,富邦,,f4cd9cde15e04be28b1d29abe66b8815,1312,
412,TWD,2000,稅務捐款,慈善捐款,20230119,信用卡,,,,富邦,,aee98e895b8f448a992c1548b8100ad9,1004,
413,TWD,3945,居家生活,電費,20230119,信用卡,,,,玉山,,9c06088d63d54f679281562b9ab0d298,1748,
414,TWD,6000,稅務捐款,慈善捐款,20230120,信用卡,,,,永豐,,ccbf5fc3969548308a04e9cd921071b5,2259,
415,TWD,1881,休閒娛樂,旅行遊玩,20230122,信用卡,,,,永豐,,465bdecb45b644b39d9e4f7b653a16dd,14,
416,TWD,2277,餐飲食品,午餐,20230122,信用卡,,,,永豐,,8aaff9222bad4fe0aeef37f7132df854,2000,
417,TWD,20000,餐飲食品,cash,20230123,現金,,,,,,35ff0be02b61478593963616cb905ac5,1044,
418,TWD,1006,汽機車,油錢,20230127,信用卡,,,,永豐,,7e9d04f7f696420da108aaa4c5376d44,1014,
419,TWD,1263,汽機車,油錢,20230127,信用卡,,,,永豐,,e557ff69098a4fd19f853d94965f1165,1014,
420,TWD,3680,休閒娛樂,旅行遊玩,20230127,信用卡,,,,永豐,,303795ab92fc438bb4a41a51511fb4b6,1149,
421,TWD,1280,服飾美容,鞋子,20230128,信用卡,,,,永豐,,b921ef4945b841df98f42fac6f5b7d93,1618,
422,TWD,381,居家生活,水費,20230201,信用卡,,,,玉山,,712525e862b943138cd7799a642c8f5b,932,
423,TWD,3068,餐飲食品,晚餐,20230201,信用卡,,,,永豐,,6455fad4c4ac48648fad70a7d9bc12e8,933,
424,TWD,2000,稅務捐款,慈善捐款,20230124,信用卡,,,,永豐,,2b1448950c4b419190ef7b94f8abc54a,933,
425,TWD,1500,稅務捐款,慈善捐款,20230203,信用卡,,,1|20211003|20260903||2|1,,,e9ec2a398cd94d7cbe88b2298330d995_20230203,1704,0
426,TWD,1125,餐飲食品,午餐,20230204,信用卡,,,,永豐,,3fc09930ce1246f6a8443f7b826e4edc,1543,
427,TWD,19800,汽機車,維修保養,20230204,現金,,,,,,c48ffc9c3cf24d668f1543e4dcfe17c5,1543,
428,TWD,9149,餐飲食品,食材,20230204,信用卡,,,,Costco,,6fc6a2385369495ab79f1fe59182d7df,1629,
429,TWD,1000,稅務捐款,慈善捐款,20230206,信用卡,,,,富邦,,b8cb3cd638d44ffca458f045d680a5b7,1052,
430,TWD,1444,餐飲食品,晚餐,20230208,信用卡,,,,永豐,,9d075a78ad26471588f7c91f4533d3f4,2140,
431,TWD,117000,稅務捐款,慈善捐款,20230211,信用卡,,,,永豐,,f468a17f4e0c4cf1903dd8d5fa2f757f,1718,
432,TWD,5000,餐飲食品,cash,20230212,現金,,,,,,d9a260d7da86459b9059d1d286b255dc,923,
433,TWD,1150,餐飲食品,午餐,20230212,信用卡,,,,永豐,,898cc26a7b19412a9c056b7d6dde297c,1139,
434,TWD,1529,汽機車,油錢,20230212,信用卡,,,,永豐,,d6b43573c2f9455aaaba59767edfaa83,2009,
435,TWD,10000,教育學習,學雜費,20230214,現金,,,,,,bded6766a51e4ddfb0e282b54bb25b4a,2352,
436,TWD,1500,稅務捐款,慈善捐款,20230217,信用卡,,,,富邦,,075731eb93fb431a870e913177522fb1,1541,
437,TWD,100000,餐飲食品,Wife,20230218,現金,,,,,,e50987a4b1a2474b9f47b6943b11447b,852,
438,TWD,5668,汽機車,維修保養,20230218,信用卡,,,,永豐,,8d57f09f27e245a0a88d232363d188fd,1017,
439,TWD,2000,稅務捐款,慈善捐款,20230220,信用卡,,,,富邦,,a4e046eb48374a8892635d531c8b94d8,1053,
440,TWD,20000,餐飲食品,cash,20230225,現金,,,,,,462a9027bc4e4e8d9b8f7f4dd921c72f,1742,
441,TWD,1396,餐飲食品,晚餐,20230225,信用卡,,,,永豐,,7f12480aedcf4136a6a250e0cb589039,1742,
442,TWD,3732,服飾美容,上衣,20230225,信用卡,,,,永豐,,60b101d18d2c4861baca676e2256d0ca,1858,
443,TWD,1000,圖書刊物,書籍,20230226,信用卡,,,,永豐,,974be8ac47304cceb5d55fd8821d87ab,2234,
444,TWD,18000,教育學習,學雜費,20230228,信用卡,,,,永豐,,340ffcae64ac4b9890e0ad14517f691f,849,
445,TWD,1500,稅務捐款,慈善捐款,20230302,信用卡,,,,富邦,,223295c97ec544bb814d407102e50da5,943,
446,TWD,1500,稅務捐款,慈善捐款,20230303,信用卡,,,1|20211003|20260903||2|1,,,e9ec2a398cd94d7cbe88b2298330d995_20230303,,0
447,TWD,100000,餐飲食品,Wife,20230304,現金,,,,,,a2ac5d0e65854961ac19a4b07eb27fcc,1226,
448,TWD,660,餐飲食品,午餐,20230304,信用卡,,,,富邦,,739f351f2af84560bb7f9136eeac30b3,1226,
449,TWD,1000,稅務捐款,慈善捐款,20230306,信用卡,,,,富邦,,22d56d0cef4145f9ba94c2b1006cb51c,1001,
450,TWD,10000,餐飲食品,cash,20230310,現金,,,,,,e0f1590029fe41e8a9e26367e9fd9cae,1529,
451,TWD,1563,餐飲食品,午餐,20230311,信用卡,,,,富邦,,cddde6cd4c554cccb488e74ed5fdef49,1300,
452,TWD,1735,餐飲食品,食材,20230311,信用卡,,,,富邦,,e26cec371e8a4d19ba6a3620fd7b002d,1533,
453,TWD,1500,稅務捐款,慈善捐款,20230316,信用卡,,,,富邦,,e686f127d62e4e18bc4bdb6e73db29cc,806,
454,TWD,1260,餐飲食品,午餐,20230318,信用卡,,,,富邦,,80487b2123c84571ba9f1bfee06f4acb,1557,
455,TWD,921,圖書刊物,書籍,20230318,信用卡,,,,富邦,,b6edb2f5bfed42a7b0e07108f339befe,2001,
456,TWD,2000,稅務捐款,慈善捐款,20230320,信用卡,,,,富邦,,1ac85df3a92b4edc8a89897435798021,1023,
457,TWD,3651,居家生活,電費,20230321,信用卡,,,,玉山,,417691bb3653442290ad3b4b4889f99a,2319,
458,TWD,6976,餐飲食品,食材,20230325,信用卡,,,,Costco,,e50d4bdc2e35499a82a0192d3d56a0a3,1717,
459,TWD,1872,餐飲食品,午餐,20230326,信用卡,,,,永豐,,d7915903c5564f65b1be256f39b334f0,1342,
460,TWD,4679,餐飲食品,食材,20230326,信用卡,,,,富邦,,8816ffd4542941d5acfb6ed57baf15bf,1452,
461,TWD,1431,汽機車,油錢,20230401,信用卡,,,,永豐,,260cf547591649c58b1b5739e5b43219,1222,
462,TWD,1500,稅務捐款,慈善捐款,20230402,信用卡,,,,富邦,,d6b818e628a141739c40b33cffc5ed78,647,
463,TWD,1500,稅務捐款,慈善捐款,20230403,信用卡,,,1|20211003|20260903||2|1,,,e9ec2a398cd94d7cbe88b2298330d995_20230403,,0
464,TWD,408,居家生活,水費,20230403,信用卡,,,,玉山,,4684cb565c1e47a2ac1ba5e964e84ffb,2030,
465,TWD,106000,餐飲食品,Wife,20230403,現金,,"
",,,,b2e0102586c243bb9e71bda504b77907,2030,
466,TWD,1000,稅務捐款,慈善捐款,20230406,信用卡,,,,富邦,,198a1139d50d4bb5a69afa95ba6d7d3c,952,
467,TWD,1740,餐飲食品,午餐,20230409,信用卡,,,,永豐,,721848656ece478192d907a818c2f1a0,1451,
468,TWD,2277,餐飲食品,晚餐,20230414,信用卡,,,,永豐,,21df8ad3a6c34cb1b75d5d6c28865ead,2100,
469,TWD,2273,居家生活,傢俱,20230415,信用卡,,,,永豐,,a1541ddb4e2047659aef5942f7c8ba6f,1631,
470,TWD,2365,餐飲食品,晚餐,20230415,信用卡,,,,永豐,,96c7c48dec2f49f5825dab4885ff2106,1815,
471,TWD,1048,服飾美容,上衣,20230415,信用卡,,,,永豐,,b79e7cefbfa6486b8916d44f35d61a83,2347,
472,TWD,1077,圖書刊物,書籍,20230415,信用卡,,,,永豐,,9e823edfb123435cb217957d32f1581b,2347,
473,TWD,1500,稅務捐款,慈善捐款,20230416,信用卡,,,,富邦,,99d966bb20c24f06b875be308e0893e4,1406,
474,TWD,2000,稅務捐款,慈善捐款,20230420,信用卡,,,,富邦,,7eedb17fcae244b3803b5cc79faec0e7,1203,
475,TWD,1392,汽機車,油錢,20230423,信用卡,,,,永豐,,1e4e20707274447fb1dc68f9eeabbfbd,1528,
476,TWD,250,汽機車,油錢,20230423,信用卡,,,,永豐,,05e47624071c4fbcb5348ee2162f6d5b,1528,
477,TWD,5000,餐飲食品,cash,20230416,現金,,,,,,4688f55b9b7b4470ab437c1256a459f7,2024,
478,TWD,9527,餐飲食品,wine,20230426,信用卡,,,,Costco,,182a8ecf6d6f453cafce10a8cacec4e3,2107,
479,TWD,1207,圖書刊物,書籍,20230428,信用卡,,,,永豐,,7674bd25f03f45cab190f2a42bb29cb1,1957,
480,TWD,7120,汽機車,牌照稅,20230428,信用卡,,,,永豐,,a759e22435104c4c966d0033215dbc76,2142,
481,TWD,7120,汽機車,牌照稅,20230428,信用卡,,,,永豐,,0e7daeef7901426683bc4478be865e3f,2142,
482,TWD,1258,汽機車,油錢,20230429,信用卡,,,,永豐,,20d58ddadfe740208ef7ca05a9751cb0,1121,
483,TWD,5000,餐飲食品,cash,20230429,現金,,,,,,5ad7fbb4662e492f9265f862742f2946,1517,
484,TWD,11604,居家生活,管理費,20230429,現金,,,,,,782b6c56bda441d6bd9df0bc33b967b1,2142,
485,TWD,3442,服飾美容,上衣,20230429,信用卡,,,,富邦,,0cf4db4e11604d31be2166cae51c79e5,2144,
486,TWD,1500,稅務捐款,慈善捐款,20230502,信用卡,,,,富邦,,91cbf766da1743d8bb6c3f82f3ec1fa1,721,
487,TWD,18550,居家生活,家電用品,20230502,信用卡,,,,永豐,,91dbfe44c86a40cbb7f4b1cca82bf2df,2249,
488,TWD,100000,餐飲食品,Wife,20230502,現金,,,,,,07498326cf384ba8a633d6e9119ef32d,2249,
489,TWD,1500,稅務捐款,慈善捐款,20230503,信用卡,,,1|20211003|20260903||2|1,,,e9ec2a398cd94d7cbe88b2298330d995_20230503,,0
490,TWD,35706,居家生活,房屋稅,20230503,信用卡,,,,永豐,,39c2b4c63e1e404ba95d7c318453f848,2140,
491,TWD,1500,稅務捐款,慈善捐款,20230505,信用卡,,,,富邦,,40e5f1811740439697f12eb5bbdce14b,1659,
492,TWD,10000,餐飲食品,cash,20230505,現金,,,,,,7dca5d0510b8436fb8a0ff91c33691e3,2024,
493,TWD,2000,餐飲食品,cash,20230506,現金,,,,,,d7b20363973347d49ccf057d3c94d9de,1622,
494,TWD,66960,餐飲食品,cash,20230507,現金,,稅額折讓,,,,c8b615ad0a724b758d504691c5f00874,2238,
495,TWD,1082,圖書刊物,書籍,20230511,信用卡,,,,永豐,,718250b0cfbb4360b36060abd06ea987,2238,
496,TWD,9389,居家生活,家電用品,20230514,信用卡,,,,永豐,,845b3fd314b744f09f790bb6cea1ad8c,1416,
497,TWD,17813,醫療保健,保險,20230515,信用卡,,,,富邦,,06cddd03a5874e41b2fa7a79cbc9f40b,1734,
498,TWD,3787,醫療保健,保險,20230515,信用卡,,,,富邦,,c8b91fdaed0d487e87d4456b8dbd48a9,1735,
499,TWD,17533,醫療保健,保險,20230515,信用卡,,,,富邦,,c1530f7cfaa74b4fa219d839bd4a7b05,1735,
500,TWD,3767,醫療保健,保險,20230515,信用卡,,,,富邦,,4641f19c4d0242539259f4febca236b2,1735,
501,TWD,1500,稅務捐款,慈善捐款,20230516,信用卡,,,,富邦,,773d93f599af4e68b24b6ca30ede96cb,723,
502,TWD,2000,稅務捐款,慈善捐款,20230519,信用卡,,,,富邦,,e8951be4b9204ee492171a2871f683ec,930,
503,TWD,3494,居家生活,電費,20230519,信用卡,,,,玉山,,e74c2260c307428c8e467e5e42dcefc5,1800,
504,TWD,10000,餐飲食品,cash,20230520,現金,,,,,,aa46da10a03247ee80e08aaaf5172cfb,1108,
505,TWD,1465,餐飲食品,午餐,20230520,信用卡,,,,永豐,,8e799d8f58ba4067a3a039aea9ad312d,1335,
506,TWD,1465,汽機車,油錢,20230520,信用卡,,,,永豐,,d074a8bee1ed45c9b9a3858795d136e3,1410,
507,TWD,2032325,稅務捐款,綜所稅,20230520,信用卡,,,,永豐,,b4431df084cf415ca97c8ee5fb542a7c,2132,
508,TWD,1970,餐飲食品,午餐,20230521,信用卡,,,,永豐,,e46877fb419840f7ae5ff3a8d789914b,1311,
509,TWD,6543,餐飲食品,食材,20230521,信用卡,,,,Costco,,6a34e77793d64050868b32db5badb0c4,1454,
510,TWD,1439,圖書刊物,書籍,20230524,信用卡,,,,永豐,,467a41ff468044e2ad7eceadc1b01b14,951,
511,TWD,10000,餐飲食品,cash,20230527,現金,,,,,,29c7ecd644f04d6eabe44c43c808362a,2155,
512,TWD,2720,服飾美容,上衣,20230528,信用卡,,,,永豐,,f3d280988c6e404887b46a91266ea3dc,2233,
513,TWD,100000,餐飲食品,Wife,20230601,現金,,,,,,0e4993adfb8f440c8d16ce6381bac410,2334,
514,TWD,1500,稅務捐款,慈善捐款,20230603,信用卡,,,1|20211003|20260903||2|1,,,e9ec2a398cd94d7cbe88b2298330d995_20230603,1704,0
515,TWD,408,居家生活,水費,20230602,信用卡,,,,玉山,,ba70d13ba2c04be5859bf235fd3c5314,2006,
516,TWD,6715,餐飲食品,食材,20230603,信用卡,,,,Costco,,65f3a219a6024fe681664eb95a56ec9d,1134,
517,TWD,2980,服飾美容,上衣,20230603,信用卡,,,,永豐,,44ef1b447edf49de86b0bf9f22df3e0b,1844,
518,TWD,520,餐飲食品,晚餐,20230603,信用卡,,,,富邦,,7f6a89ef142e43d48b4dcae69775ae63,1844,
519,TWD,4230,服飾美容,上衣,20230603,信用卡,,,,永豐,,7b085e187cd440229b3f05ad74c781ac,2014,
520,TWD,1000,稅務捐款,慈善捐款,20230605,信用卡,,,,富邦,,97b44c896fa540a692130d55aade54d2,955,
521,TWD,7620,休閒娛樂,旅行遊玩,20230611,信用卡,,,,永豐,,dce7436368f64ce1ad8f40d1a1c0f9ca,1421,
522,TWD,2196,餐飲食品,午餐,20230611,信用卡,,,,永豐,,4b890c7f7e834539ab8eff341e0f20ec,1422,
523,TWD,2934,服飾美容,上衣,20230611,信用卡,,,,永豐,,f7f19e359c334152b1251262c6bb7d54,1451,
524,TWD,3057,服飾美容,上衣,20230611,信用卡,,,,富邦,,6edb19968de94ea88afbd86f72d3cde6,1544,
525,TWD,1648,餐飲食品,晚餐,20230611,信用卡,,,,永豐,,81bef1f0b15b4c469596eccb6e2db938,1838,
526,TWD,1378,餐飲食品,食材,20230611,信用卡,,,,永豐,,8e119dde40334d7eb6c6b82849f666f3,1912,
527,TWD,1500,稅務捐款,慈善捐款,20230616,信用卡,,,,富邦,,750fc721b1fa4b65901af6c060ea6a5b,915,
528,TWD,5000,餐飲食品,cash,20230617,現金,,,,,,ef7a47e7800343cfb458a984e07f6500,1034,
529,TWD,7522,餐飲食品,食材,20230618,信用卡,,,,Costco,,fbc3131ea95f4c65839cc885c4218b3b,1105,
530,TWD,2000,稅務捐款,慈善捐款,20230620,信用卡,,,,富邦,,9ae3f8f9a49848cc86a78dcffbc129da,1549,
531,TWD,1322,餐飲食品,晚餐,20230621,信用卡,,,,永豐,,eca42b48d7f148948f01843bafba90bc,2026,
532,TWD,2643,服飾美容,上衣,20230623,信用卡,,,,富邦,,55dc24f6d9fa4d42a503d198b7dd23f9,1159,
533,TWD,3664,餐飲食品,食材,20230623,信用卡,,,,Costco,,31afa7e2f59c4087937319a3819dbf4b,1308,
534,TWD,1033,餐飲食品,食材,20230623,信用卡,,,,永豐,,68a2c8541b1a4d24b6e7648a9783cb2f,1456,
535,TWD,5000,餐飲食品,cash,20230624,現金,,,,,,88799deb46524faea88dba8107c0b9e8,934,
536,TWD,2970,休閒娛樂,旅行遊玩,20230625,信用卡,,,,永豐,,5dd18192211e4e5a91f210e64615883c,2158,
537,TWD,8135,餐飲食品,食材,20230630,信用卡,,,,Costco,,03a4a8d8b90541fb8a66098d3d30daa1,1735,
538,TWD,1500,稅務捐款,慈善捐款,20230703,信用卡,,,1|20211003|20260903||2|1,,,e9ec2a398cd94d7cbe88b2298330d995_20230703,1704,0
539,TWD,100000,餐飲食品,Wife,20230703,現金,,,,,,516e6db252184b58a8c368e6da0df89c,2259,
540,TWD,12200,休閒娛樂,旅行遊玩,20230704,信用卡,,,,富邦,,78c734cf3f4549938d8813cbd699efef,1714,
541,TWD,1000,稅務捐款,慈善捐款,20230705,信用卡,,,,富邦,,6234a6e1565f42e882fbfbe2204208b9,951,
542,TWD,7680,汽機車,燃料費,20230706,信用卡,,,,玉山,,5adf8bcd2de04140a366b7413deeae29,2248,
543,TWD,1123,餐飲食品,食材,20230708,信用卡,,,,富邦,,d3e638c502164f20b196e78fdd8dd0a8,1230,
544,TWD,340,餐飲食品,午餐,20230708,信用卡,,,,富邦,,6b8e5702a3094e46bbb152768e63909a,1511,
545,TWD,4800,餐飲食品,食材,20230709,現金,,,,,華生,aa3534859c424ab8812d816869a18d27,1624,
546,TWD,416,餐飲食品,午餐,20230709,信用卡,,,,富邦,,ac796c949ab241639e0810f3edb0286f,1624,
547,TWD,963,休閒娛樂,旅行遊玩,20230709,信用卡,,,,富邦,,ee998860013b4994b59fd162e7378fc4,1625,
548,TWD,6883,休閒娛樂,旅行遊玩,20230709,信用卡,,,,富邦,,74c53a7c701b454aa31715330f91d90f,2012,
549,TWD,1500,稅務捐款,慈善捐款,20230716,信用卡,,,,富邦,,376c382736dc4b5694df69bb980c4b5f,1140,
550,TWD,1783,休閒娛樂,旅行遊玩,20230716,信用卡,,,,富邦,,7c4060e405074678865411aaf408fd6b,1141,
551,TWD,1050,休閒娛樂,旅行遊玩,20230717,信用卡,,,,富邦,,d3ac9714d55d43188722eccdded4516a,1419,
552,TWD,2000,稅務捐款,慈善捐款,20230720,信用卡,,,,富邦,,230e1fdce44d452f960986af80018a65,912,
553,TWD,4980,居家生活,電費,20230720,信用卡,,,,玉山,,8d1856b2e8e140109dd56d97a621ea2d,1459,
554,TWD,2972,餐飲食品,食材,20230721,信用卡,,,,Costco,,05373950ab4b4820b1d82d201c827469,1845,
555,TWD,4140,餐飲食品,食材,20230728,現金,,,,,,b57db607bfae4c71aad36dcef28d6ab4,1812,
556,TWD,5485,餐飲食品,食材,20230730,信用卡,,,,Costco,,383173ad0d8a4da0bfe1cc216ce9bda1,1215,
557,TWD,10000,餐飲食品,cash,20230730,現金,,,,,,64be10709bbe499e96a5e1e004713e44,1609,
558,TWD,11614,居家生活,管理費,20230730,信用卡,,,,永豐,,06841f41fd9d4df09867d407fec39e0c,2052,
559,TWD,356,居家生活,水費,20230801,信用卡,,,,玉山,,6ac56db227064f19a475abb8b6955064,1624,
560,TWD,1500,稅務捐款,慈善捐款,20230803,信用卡,,,1|20211003|20260903||2|1,,,e9ec2a398cd94d7cbe88b2298330d995_20230803,1704,0
561,TWD,10000,餐飲食品,cash,20230805,現金,,,,,,0046e832abb645eea32ba63166e5edfc,832,
562,TWD,100000,餐飲食品,Wife,20230805,現金,,,,,,7bf5dd209c4c4867a9d2b743e9fc2751,833,
563,TWD,1500,稅務捐款,慈善捐款,20230807,信用卡,,,,富邦,,f013f0ac8dcf48cc9e257fb1ddb77e91,937,
564,TWD,8723,餐飲食品,晚餐,20230810,信用卡,,,,永豐,,4df129c250234fffaeefe86f0bce9ef0,2226,
565,TWD,3157,餐飲食品,晚餐,20230812,信用卡,,,,富邦,,a767be2fc1234c29a4e55a7416e17568,1909,
566,TWD,1499,餐飲食品,食材,20230812,信用卡,,,,遠東銀,,e90cfddcb1724d458e3c3394aa828cf0,2048,
567,TWD,450,餐飲食品,食材,20230813,信用卡,,,,富邦,,fecaeb1a558340e09590656f353caee3,2007,
568,TWD,1500,稅務捐款,慈善捐款,20230816,信用卡,,,,富邦,,16bd25a7170d4a9a9fd0a26de77eb7d2,1139,
569,TWD,1584,餐飲食品,晚餐,20230819,信用卡,,,,富邦,,42b4be43d9b94bdd96954a60689931d9,1939,
570,TWD,800,服飾美容,上衣,20230819,信用卡,,,,遠東銀,,ae4979375ca447eba13bac5c611253a7,1939,
571,TWD,1652,服飾美容,上衣,20230819,信用卡,,,,遠東銀,,cc98df2ce41c4e329c5d2ade6caf5a1d,1939,
572,TWD,2000,稅務捐款,慈善捐款,20230818,信用卡,,,,富邦,,3a9588509b634a24b70c9fa5ea2232e7,821,
573,TWD,1286,服飾美容,上衣,20230820,信用卡,,,,富邦,,6c02159b977e407da3016ee88683c2f5,1612,
574,TWD,10995,居家生活,家電用品,20230820,信用卡,,,,富邦,,9f3fc89f8abe420795fa11de3f459ac5,1758,
575,TWD,10000,稅務捐款,慈善捐款,20230824,信用卡,,,,富邦,,980b0461ae11465591bce6dbbb2d316d,2256,
576,TWD,1562,汽機車,油錢,20230825,信用卡,,,,富邦,,c916969fd16a48b7bbd47ff5934333db,1051,
577,TWD,8799,休閒娛樂,旅行遊玩,20230827,信用卡,,,,富邦,,defaa992efe244e38123bae2ae5bd022,1431,
578,TWD,2040,休閒娛樂,旅行遊玩,20230827,信用卡,,,,富邦,,cad2e2cb15e34a14aa17363d727eb252,1431,
579,TWD,14949,餐飲食品,晚餐,20230828,信用卡,,,,富邦,,3d96abe53fa04901871f74eeb949fee9,2119,
580,TWD,11100,餐飲食品,食材,20230901,現金,,,,,,0964569d1104460081f2fd9133e87720,1521,
581,TWD,100000,餐飲食品,Wife,20230901,現金,,,,,,2637deb92a15432d9a6e679c7bca060b,1522,
582,TWD,1500,稅務捐款,慈善捐款,20230902,信用卡,,,,富邦,,adb5ff5dad904786b5bfd7bcadf39c84,842,
583,TWD,2320,餐飲食品,食材,20230902,信用卡,,,,富邦,,6e4bbb58d5f44f3ca4859d466c2c7c06,1137,
584,TWD,1238,汽機車,油錢,20230902,信用卡,,,,富邦,,6e851c663fdd4562ad1fd5c4612e61c3,1418,
585,TWD,1500,稅務捐款,慈善捐款,20230903,信用卡,,,1|20211003|20260903||2|1,,,e9ec2a398cd94d7cbe88b2298330d995_20230903,,0
586,TWD,10000,餐飲食品,cash,20230903,現金,,,,,,11131ff848db49a487547d017ed57d24,835,
587,TWD,1854,餐飲食品,午餐,20230903,信用卡,,,,富邦,,1513fe82a1a0493b9ab8828dd28ce921,1334,
588,TWD,370,餐飲食品,午餐,20230903,信用卡,,,,富邦,,b34892788ea64bb49d40dbd1bf5639df,1334,
589,TWD,1083,圖書刊物,書籍,20230906,信用卡,,,,富邦,,f79106568f684ceea291505d1a61f4fa,2201,
590,TWD,2746,餐飲食品,晚餐,20230908,信用卡,,,,富邦,,5afe81facd6e4f96bcf490e88cb41df8,2007,
591,TWD,1500,稅務捐款,慈善捐款,20230916,信用卡,,,,富邦,,4fd3a543e2824be593be0016b3fea7f9,835,
592,TWD,13200,休閒娛樂,旅行遊玩,20230916,信用卡,,,,富邦,,e98ee4c7eed34355b37fb713582946f7,1255,
593,TWD,2000,服飾美容,上衣,20230916,信用卡,,,,遠東銀,,40a7fe1540e548b69a749c33deda2b06,1625,
594,TWD,2175,餐飲食品,食材,20230916,信用卡,,,,遠東銀,,f3e5c65bc11346dd88413f3d137d76bb,1933,
595,TWD,503,餐飲食品,食材,20230916,信用卡,,,,遠東銀,,a99e7de594b44c6990e37ab75d77e681,1933,
596,TWD,4866,餐飲食品,食材,20230917,信用卡,,,,Costco,,74aa296fbfef4b6db1d98a7482451d76,1410,
597,TWD,2000,稅務捐款,慈善捐款,20230920,信用卡,,,,富邦,,836a5ad406804605a77c23c6a2ac8c31,1204,
598,TWD,6379,居家生活,電費,20230920,信用卡,,,,玉山,,125355c6d27e4b5faab4900dc0574f7e,1537,
599,TWD,10000,餐飲食品,cash,20230923,現金,,,,,,e912f8f89ec948369c849ee26149232a,1041,
600,TWD,1219,餐飲食品,午餐,20230923,信用卡,,,,富邦,,ddddfb2fa2db4a61b0edcae697f3a18e,1249,
601,TWD,2403,餐飲食品,食材,20230923,信用卡,,,,富邦,,32437ed529f7479cb50c170547d8df7e,1813,
602,TWD,2240,餐飲食品,食材,20230924,信用卡,,,,遠東銀,,42f0bfdfe6cb46069acd7e43f8a0e4a2,1722,
603,TWD,10000,餐飲食品,cash,20230927,現金,,,,,,02cecb3821584e3795a5e923327b1d88,14,
604,TWD,1311,圖書刊物,書籍,20230927,信用卡,,,,富邦,,793f3a8ed79e477ab294ab932fd0186e,30,
605,TWD,1495,居家生活,家電用品,20230927,信用卡,,,,富邦,,8d1e7fcf650e442eb7a839f355d2ed25,2208,
606,TWD,8422,餐飲食品,食材,20230929,信用卡,,,,富邦,,71a7d98e20264fcd8d3eb66d808fa6f8,1700,
607,TWD,1468,餐飲食品,食材,20230929,信用卡,,,,富邦,,146b7d4b9d1a41a299b6e706c279ae32,2029,
608,TWD,1182,餐飲食品,午餐,20231001,信用卡,,,,富邦,,ae6f3d60d7cc458fa1ae3154d95fd9fe,1533,
609,TWD,1500,稅務捐款,慈善捐款,20231002,信用卡,,,,富邦,,f2ce493273e94bfba70371a5783806c4,647,
610,TWD,1500,稅務捐款,慈善捐款,20231003,信用卡,,,1|20211003|20260903||2|1,,,e9ec2a398cd94d7cbe88b2298330d995_20231003,,0
611,TWD,1000,稅務捐款,慈善捐款,20231006,信用卡,,,,,,5b1e7321edd84fba96f520a668db9e61,1315,
612,TWD,23813,汽機車,保險與稅捐,20231006,信用卡,,,,富邦,,91e07548e70d4aa58921f93f4088dc06,2206,
613,TWD,100000,餐飲食品,Wife,20231006,現金,,,,,,77cff8263add492690c8c2e2616888e8,2206,
614,TWD,2381,餐飲食品,食材,20231007,信用卡,,,,富邦,,1a2122d1b2e24196b071f0d0ebc174ce,1456,
615,TWD,5000,餐飲食品,cash,20231008,現金,,,,,,3795e7df8eca4a179a8dafe4259bb204,848,
616,TWD,2514,餐飲食品,午餐,20231009,信用卡,,,,富邦,,e783ea1201294de2a36bf875ca3e6a7b,1410,
617,TWD,500000,醫療保健,保險,20231010,現金,,,,,,07ecdabdf86d4e3d8ac0af40de4fb7bf,1213,
618,TWD,2562,餐飲食品,午餐,20231010,信用卡,,,,富邦,,a738290a4a9644e8a77ec703301d5104,1441,
619,TWD,15580,休閒娛樂,旅行遊玩,20231015,現金,,,,,,fdb2525e81d6473db1ff34cf0c917bd0,2317,
620,TWD,11604,居家生活,管理費,20231015,現金,,,,,,0b44d812a7df4c18bf9adbb048c1fd00,2322,
621,TWD,1500,稅務捐款,慈善捐款,20231016,信用卡,,,,富邦,,6394393bc4d7476f842b9b01dd2770d6,1124,
622,TWD,2000,稅務捐款,慈善捐款,20231020,信用卡,,,,富邦,,7961d5f1d77647bcb4a5d46e1d1c2959,1427,
623,TWD,1107,教育學習,書,20231020,信用卡,,,,富邦,,28b677c8148f4562bd86669e01d78065,2216,
624,TWD,2270,餐飲食品,午餐,20231022,信用卡,,,,富邦,,5d40066807e4405388af62ee08243416,1343,
625,TWD,2336,餐飲食品,晚餐,20231027,信用卡,,,,富邦,,9891c23430c04c3fb94a412ef4cb2b32,2033,
626,TWD,7700,汽機車,維修保養,20231028,信用卡,,,,富邦,,945ee2cb7079486c8717c1859375ad2d,1111,
627,TWD,50000,休閒娛樂,旅行遊玩,20231028,現金,,,,,,f832229bdc2943a5b85dfdda706bb6f9,1113,
628,TWD,2599,服飾美容,上衣,20231028,信用卡,,,,富邦,,9f4ebba50eac4a80b55795280a6685fc,1956,
629,TWD,1290,餐飲食品,午餐,20231029,信用卡,,,,富邦,,fb464a581dc14cd790168fb395498e85,1301,
630,TWD,20000,稅務捐款,慈善捐款,20231102,信用卡,,,,富邦,,52b3776af1c144df8cd87f906111dfcd,2339,
631,TWD,100000,餐飲食品,Wife,20231102,現金,,,,,,b52d88f82d3540d4969107f555beb479,2340,
632,TWD,1500,稅務捐款,慈善捐款,20231103,信用卡,,,1|20211003|20260903||2|1,,,e9ec2a398cd94d7cbe88b2298330d995_20231103,,0
633,TWD,4500,服飾美容,上衣,20231103,現金,,,,,,79939db6e26b4c819af3a779a9967f65,1639,
634,TWD,1535,汽機車,油錢,20231104,信用卡,,,,富邦,,1adef350819749e7a3ecfad267eab85f,1006,
635,TWD,1420,餐飲食品,食材,20231105,信用卡,,,,富邦,,ca41f765d29244418d84e2b8e9ea8924,1325,
636,TWD,1282,餐飲食品,午餐,20231105,信用卡,,,,富邦,,438e4e8f604e4fd98ca172230c122652,1437,
637,TWD,969,餐飲食品,食材,20231105,信用卡,,,,富邦,,8ab6ca3334884abba79b36238dced64f,1643,
638,TWD,1000,稅務捐款,慈善捐款,20231106,信用卡,,,,富邦,,bd37e79c74104802828b401f17a91c98,1257,
639,TWD,22380,醫療保健,保險,20231109,信用卡,,,,富邦,,6ad7b1fcc3f141a78c076d18f0ed8e8c,1218,
640,TWD,1500,稅務捐款,慈善捐款,20231116,信用卡,,,,富邦,,abb4f39c59cb467ab801d454efdcb015,1326,
641,TWD,7571,居家生活,傢俱,20231118,信用卡,,,,富邦,,7f856480bb414759bf4702e6a6df7b67,1405,
642,TWD,10000,餐飲食品,cash,20231119,現金,,,,,,e65a81d500d24ca38eecebb15a9e872b,930,
643,TWD,1498,餐飲食品,食材,20231119,信用卡,,,,富邦,,148584668f3348df90f1db5c8d7787fd,1500,
644,TWD,2000,稅務捐款,慈善捐款,20231120,信用卡,,,,富邦,,a6d077f74f7d4b2a898974625f6adcc3,1104,
645,TWD,5309,居家生活,電費,20231120,信用卡,,,,玉山,,b138c313d24f465493352d20aebbacd8,2057,
646,TWD,1217,圖書刊物,書籍,20231124,信用卡,,,,富邦,,6e210c1b69604fdab6a19d746413653a,1144,
647,TWD,4923,餐飲食品,點心零嘴,20231124,現金,,,,,,5398bb62a69a47a2b72495009d84d0fc,1145,
648,TWD,1297,汽機車,油錢,20231125,信用卡,,,,永豐,,7e0733df01984ff08100863ed1a3e909,1525,
649,TWD,1422,餐飲食品,食材,20231125,信用卡,,,,富邦,,97b0de5c297c468ca7c6a6b2753b07c2,1814,
650,TWD,1195,服飾美容,上衣,20231125,信用卡,,,,富邦,,5b7e2e908966409e87dfd89df55af3be,1814,
651,TWD,1500,稅務捐款,慈善捐款,20231202,信用卡,,,,富邦,,30bbbaa3d2874c5aaac5febe299bf44b,1014,
652,TWD,10000,餐飲食品,cash,20231202,現金,,,,,,fabad49f99e44eda9bde6f6b67011f73,1112,
653,TWD,5623,餐飲食品,食材,20231202,信用卡,,,,富邦,,ca21487bbedf46a290f3778d22605159,1335,
654,TWD,2000,餐飲食品,食材,20231202,信用卡,,,,富邦,,ee947ee4369642468fc96508321b464f,2048,
655,TWD,1500,稅務捐款,慈善捐款,20231203,信用卡,,,1|20211003|20260903||2|1,,,e9ec2a398cd94d7cbe88b2298330d995_20231203,,0
656,TWD,1000,稅務捐款,慈善捐款,20231205,信用卡,,,,富邦,,a73a4c81903a4f0487fc5a3d0da8d94a,1041,
657,TWD,1350,圖書刊物,書籍,20231206,信用卡,,,,富邦,,41fbe0efd2be4c649c77ffc76fbec6ad,1946,
658,TWD,1661,圖書刊物,書籍,20231209,信用卡,,,,富邦,,4c6d5a0968274fad87fd105ef95530f6,2143,
659,TWD,2887,餐飲食品,午餐,20231210,信用卡,,,,遠東銀,,21898780a72d4f3099c21dac0daa15ce,1501,
660,TWD,1940,服飾美容,上衣,20231210,信用卡,,,,遠東銀,,68ec355583bf4594b6ef0fbc585fd237,2035,
661,TWD,640,餐飲食品,食材,20231213,信用卡,,,,富邦,,3afa710c9f7b4a24952d7b39250b78db,2020,
662,TWD,100000,餐飲食品,Wife,20231213,現金,,,,,,030c448180184e4db54b209859343bec,2021,
663,TWD,1880,圖書刊物,書籍,20231215,信用卡,,,,富邦,,7ee5543750d94b1d84be32950b073a57,1739,
664,TWD,3300,居家生活,網路費,20231215,信用卡,,,,富邦,,3d855804796446dd8e234ae900b06cce,1739,
665,TWD,10000,餐飲食品,cash,20231215,現金,,,,,,ec534bb87994499dbca6496ba4a77120,2027,
666,TWD,1500,稅務捐款,慈善捐款,20231216,信用卡,,,,富邦,,e179acf80c9043e088400578b0ee8615,1043,
667,TWD,16779,居家生活,家電用品,20231216,信用卡,,,,永豐,,21b18bbd38bf4727814a14c2d0a28009,1259,
668,TWD,2000,居家生活,家電用品,20231219,信用卡,,,,遠東銀,,a34e8b0294c4485699cabd9b91f77a88,756,
669,TWD,1476,汽機車,油錢,20231219,信用卡,,,,富邦,,8de4a16b724d4f1aa1b9b1f6c498e5b3,756,
670,TWD,2000,稅務捐款,慈善捐款,20231220,信用卡,,,,富邦,,d4305eb47ade43ac9bfb36edc543bd51,1617,
671,TWD,9430,餐飲食品,食材,20231220,信用卡,,,,富邦,,ef0ed60758c744e0b423642d1c0ba580,2019,
672,TWD,1314,餐飲食品,午餐,20231224,信用卡,,,,富邦,,d32dc319b7ce4994956f2706a460afd5,1530,
673,TWD,3974,服飾美容,上衣,20231224,信用卡,,,,富邦,,2eeeaea8af2f4b679960c9ef7a16189a,1608,
674,TWD,1211,餐飲食品,食材,20231224,信用卡,,,,富邦,,a240fcb04c6c489ebf63d39faf562663,1614,
675,TWD,20000,餐飲食品,cash,20231230,現金,,,,,,90cf4d6c7f854ffd9fc00cd770e7b151,2147,
676,TWD,20691,服飾美容,上衣,20231230,信用卡,,,,富邦,,f586272cb04341c49ec3db51423ab4de,2148,
677,TWD,1500,稅務捐款,慈善捐款,20240103,信用卡,,,1|20211003|20260903||2|1,,,e9ec2a398cd94d7cbe88b2298330d995_20240103,,0
678,TWD,100000,餐飲食品,Wife,20240104,現金,,,,,,5e42788a19824d679d449124598d0196,717,
679,TWD,3600,服飾美容,上衣,20240104,信用卡,,,,富邦,,a3e5e091adf147908360b77dfe77c44c,717,
680,TWD,1500,稅務捐款,慈善捐款,20240105,信用卡,,"
",,富邦,,cf43a43704f74f7787793859b863b1b7,1144,
681,TWD,8092,服飾美容,上衣,20240106,信用卡,,,,永豐,,b92c0187554943c8add1e91a952eb6fe,1856,
682,TWD,2863,餐飲食品,晚餐,20240106,信用卡,,,,富邦,,e742ec1414b44b40bbd1923b465fb0d5,2030,
683,TWD,8000,餐飲食品,食材,20240113,現金,,,,,,7eaabe83e2554eccb86fc9db3a2efaed,2039,
684,TWD,1147,圖書刊物,書籍,20240113,信用卡,,,,富邦,,ec4ef2665cc1451e927fd6c85c02f7c0,2039,
685,TWD,1500,稅務捐款,慈善捐款,20240116,信用卡,,,,富邦,,f49b0f181b154613a91fa5c873ddda76,1222,
686,TWD,11604,居家生活,管理費,20240117,現金,,,,,,c9596b8e865b4955a8de61ff99c25adc,1847,
687,TWD,2000,稅務捐款,慈善捐款,20240119,信用卡,,,,富邦,,3a90ce72615246839030a558a4ac2c3c,1224,
688,TWD,4377,居家生活,電費,20240119,信用卡,,,,玉山,,2542466979014634be5abedaa777fded,1929,
689,TWD,1205,餐飲食品,晚餐,20240119,信用卡,,,,富邦,,73c404f5edd844e3a81bb31c51533217,1950,
690,TWD,27621,居家生活,家電用品,20240119,信用卡,,,,富邦,,7f1f5fafa75a4de6a7ba02a5d7733c30,2101,
691,TWD,11604,居家生活,管理費,20240121,現金,,,,,,66149f1b68e7418b8782f86411130eb2,2201,
692,TWD,1865,餐飲食品,晚餐,20240126,信用卡,,,,富邦,,8c56c469349c4f45923bb1898e407ff1,2019,
693,TWD,2710,餐飲食品,食材,20240128,信用卡,,,,富邦,,f25e630e113e4804a98ee382aade58d9,1724,
694,TWD,160000,餐飲食品,cash,20240130,現金,,,,,,ebbe12444b8e4e5e894b50c606738a92,1302,
695,TWD,100000,餐飲食品,Wife,20240202,現金,,,,,,0cd77b2dc97f4a7a826535ffcf6179f7,909,
696,TWD,1500,稅務捐款,慈善捐款,20240202,信用卡,,,,富邦,,a9db0a5d793f4942a3f295484a0f25e9,909,
697,TWD,1500,稅務捐款,慈善捐款,20240203,信用卡,,,1|20211003|20260903||2|1,,,e9ec2a398cd94d7cbe88b2298330d995_20240203,,0
698,TWD,44599,餐飲食品,食材,20240203,信用卡,,,,富邦,,38dd11d7ec4b4922a83f9f772e50d4be,1537,
699,TWD,100000,休閒娛樂,旅行遊玩,20240206,現金,,,,,,0c61a2f6fb3d4cf0a88eb42ad7d0bac0,1224,
700,TWD,2470,餐飲食品,午餐,20240206,信用卡,,,,富邦,,296c2662620340f9bfcd5292da8b3a98,2102,
701,TWD,2970,餐飲食品,晚餐,20240206,信用卡,,,,富邦,,5e9ac684be3649a1babdec97149cc771,2102,
702,TWD,1595,餐飲食品,晚餐,20240207,信用卡,,,,富邦,,9e67728f68f44247967a7fc073b070ae,2001,
703,TWD,1700,餐飲食品,晚餐,20240208,信用卡,,,,富邦,,2eb27b5dc62346c5993846f9736735ca,2157,
704,TWD,998,餐飲食品,午餐,20240210,信用卡,,,,富邦,,3cd6bfb216c54cf2a7960c5291df70ba,1044,
705,TWD,1125,圖書刊物,書籍,20240211,信用卡,,,,富邦,,bb1826063f3d4effaebe77851eb799ec,1248,
706,TWD,4040,餐飲食品,午餐,20240211,信用卡,,,,永豐,,6826710caf284738a7f6f20afff8feb9,1643,
707,TWD,1500,汽機車,油錢,20240211,信用卡,,,,永豐,,71ecc016ce7c4218ba78883dae65c7b0,1643,
708,TWD,2400,餐飲食品,晚餐,20240212,信用卡,,,,富邦,,b445907c1f4342b1a4d6b055defd0ca0,2314,
709,TWD,1287,汽機車,油錢,20240212,信用卡,,,,永豐,,a26c344d46b1404eb9f2a0a4e27d40a9,2314,
710,TWD,6650,餐飲食品,晚餐,20240212,信用卡,,,,永豐,,0671c4db96954f48847741199220ad8b,2315,
711,TWD,895,服飾美容,上衣,20240212,信用卡,,,,永豐,,83a81338d6554d94adee77a21755bda5,2315,
712,TWD,13500,居家生活,家電用品,20240213,信用卡,,,,玉山,,FFE4B7ECFF654CBBB8F856281F072682,757,0
713,TWD,783,餐飲食品,食材,20240214,信用卡,,,,富邦,,B2D6711992FE4B4C880E9B6390D01570,1442,
714,TWD,1500,稅務捐款,慈善捐款,20240216,信用卡,,,,富邦,,974B64905B55457283875545BB9B500C,907,
715,TWD,1130,餐飲食品,晚餐,20240216,信用卡,,,,富邦,,856FF75CBF7949448D2570C1DED4D793,1922,
716,TWD,1662,餐飲食品,食材,20240217,信用卡,,,,富邦,,1BD18EA738A94481A29CF8789E2EC729,1502,
717,TWD,610,汽機車,油錢,20240217,信用卡,,,,富邦,,C82193640F41462FB30BA256DC8222CB,2130,
718,TWD,10000,稅務捐款,慈善捐款,20240219,信用卡,,,,永豐,,13A34652154F4D568AE5B59D8C5B80E3,2318,
719,TWD,2000,稅務捐款,慈善捐款,20240220,信用卡,,,,富邦,,1BE678E070394011B5678D00D46DC424,921,
720,TWD,2240,餐飲食品,食材,20240224,信用卡,,,,富邦,,4072002B3B7A433184E44EEC86FBFDFC,1550,
721,TWD,3707,餐飲食品,晚餐,20240224,信用卡,,,,永豐,,0F41C9E242C2408F84A8BA37ACC5CFFB,2020,
722,TWD,986,餐飲食品,食材,20240224,信用卡,,,,永豐,,AAC5C80FB36E49E9B21DCCA336703D45,1325,
723,TWD,628,餐飲食品,食材,20240228,信用卡,,,,富邦,,95469D8C0A8A43C5B1933E59684279DD,1728,
724,TWD,1500,稅務捐款,慈善捐款,20240302,信用卡,,,,富邦,,4EBE552BDB324D48A86C33525459A037,820,
725,TWD,1369,汽機車,油錢,20240302,信用卡,,,,永豐,,3AF14E2705494FB091C466AE14935D3B,2057,
726,TWD,1500,稅務捐款,慈善捐款,20240303,信用卡,,,1|20211003|20260903||2|1,,,e9ec2a398cd94d7cbe88b2298330d995_20240303,,0
727,TWD,3250,休閒娛樂,旅行遊玩,20240302,信用卡,,,,永豐,,2C421DC8365541AAB0647A7C5ACD6DDE,1519,
728,TWD,2912,餐飲食品,晚餐,20240302,信用卡,,,,富邦,,7E9D1ED3D5844D53BCBEBC727AA5AEE9,2115,
729,TWD,100000,餐飲食品,Wife,20240302,現金,,,,,,8F8608EF65934261A73206F8FD74D580,14,
730,TWD,10000,餐飲食品,cash,20240302,現金,,,,,,42C3B6379FA846E5AE99CAF486464FBB,14,
731,TWD,1000,稅務捐款,慈善捐款,20240302,信用卡,,,,富邦,,9DAC92B38370413A865D8834F3B7E8E5,1030,
732,TWD,173710,稅務捐款,綜所稅,20240302,信用卡,,,,永豐,,32F53253D7DC4D52AA742EDB74EFE92E,2227,
733,TWD,10000,餐飲食品,cash,20240302,現金,,,,,,692983863D07479AA4B25F8DAB111954,2310,
734,TWD,2100,服飾美容,上衣,20240307,信用卡,,,,永豐,,7D2D47D1AA2B49508BAEF5193AEF32C1,1635,
735,TWD,2353,服飾美容,上衣,20240307,信用卡,,,,富邦,,9B5CD0C0044D4CBFBC2A5679671A0D3A,1740,
736,TWD,100000,稅務捐款,慈善捐款,20240307,信用卡,,,,永豐,,E011AB2C58E348D7ABE0B0D8E651483B,1858,
737,TWD,1999,餐飲食品,食材,20240307,信用卡,,,,富邦,,2125C0A379BB445795C2F94B0E1667DC,1951,
738,TWD,72769,休閒娛樂,旅行遊玩,20240310,信用卡,,,,永豐,,377F380EC72249B4B5309C1B8C72EA52,0,
739,TWD,20000,居家生活,傢俱,20240314,現金,,冷氣清洗,,,,CDA49315119942ADBAD034A27FFCCE32,0,0
740,TWD,5082,餐飲食品,晚餐,20240314,信用卡,,,,永豐,,931DDEDD589B4332B5BB76B505470561,0,
741,TWD,1435,圖書刊物,書籍,20240316,信用卡,,,,富邦,,9BCD7CEB24C54AC6A2C3B1198A52A5D9,0,
742,TWD,1500,稅務捐款,慈善捐款,20240316,信用卡,,,,富邦,,62420A74319144F992285E0BBE515764,0,
743,TWD,1834,餐飲食品,晚餐,20240316,信用卡,,,,富邦,,218100AB3A3C4E6FA8D826E3B02E8E43,0,
744,TWD,2000,稅務捐款,慈善捐款,20240320,信用卡,,,,富邦,,AC7D698687D044A7AFF277BA6F494BC7,0,
745,TWD,3653,居家生活,電費,20240322,信用卡,,,,玉山,,82050F457EB14354B2E888276B4B6A7B,0,0
746,TWD,10000,餐飲食品,cash,20240322,現金,,,,,,68B4ABAFF5284175B533A5334F8603D3,0,0
747,TWD,2332,餐飲食品,晚餐,20240323,信用卡,,,,富邦,,E0CCFEC1D8244551BE85B539A74CF56C,0,
748,TWD,20000,汽機車,維修保養,20240326,現金,,,,,,9D1C7401AAE7424289A3A52229BED22B,0,
749,TWD,1484,汽機車,油錢,20240328,信用卡,,,,永豐,,1FAE135A2D5D4455B0CB289009D96FCF,0,
750,TWD,965,居家生活,家電用品,20240328,信用卡,,,,富邦,,385BA622E0BA44638FBE57B193A1638D,0,
751,TWD,4040,居家生活,家電用品,20240328,信用卡,,,,永豐,,B80A54536B3F447B8410E1E0403E0EE9,0,
752,TWD,3487,餐飲食品,晚餐,20240329,信用卡,,,,富邦,,B70137E85A1C4A0AA85BF5E098CAF4C2,0,
753,TWD,639,餐飲食品,晚餐,20240329,信用卡,,,,富邦,,D3913753F6AD4F218EEE2BACCF1C47D6,0,
754,TWD,10000,餐飲食品,cash,20240329,現金,,,,,,17A980C06A0B4BA08A0B53304E5945AE,0,
755,TWD,1500,稅務捐款,慈善捐款,20240401,信用卡,,,,富邦,,99FD922FB962457A92EF79066D0A84A9,0,
756,TWD,100000,餐飲食品,Wife,20240402,現金,,,,,,9F6AB6EBB18D42DA9164760A9E2EF583,0,0
757,TWD,1500,稅務捐款,慈善捐款,20240403,信用卡,,,1|20211003|20260903||2|1,,,e9ec2a398cd94d7cbe88b2298330d995_20240403,,0
758,TWD,1760,餐飲食品,午餐,20240401,信用卡,,,,富邦,,AD0BF26D300A41859C0C1A7313B78D8F,0,
759,TWD,1000,稅務捐款,慈善捐款,20240408,信用卡,,,,富邦,,77FD2B2DA3E84340A80215E079C3521A,0,
760,TWD,7120,汽機車,牌照稅,20240409,信用卡,,,,玉山,,2C1EBC965BD24176B81CE51F633D8F9F,0,
761,TWD,7120,汽機車,牌照稅,20240409,信用卡,,,,玉山,,93106E13B47F448D944455C797AF6C19,0,
762,TWD,1500,稅務捐款,慈善捐款,20240409,信用卡,,,,富邦,,1656AA14F87B4995B853B1EB97AED83C,0,
763,TWD,1500,稅務捐款,慈善捐款,20240416,信用卡,,,,富邦,,D2FC0E6893AF48CBB91F4FF820337B3E,0,
764,TWD,10434,餐飲食品,食材,20240417,信用卡,,,,富邦,,7F0595EA4D6F485DA0F61195CE1D457C,0,
765,TWD,2000,稅務捐款,慈善捐款,20240419,信用卡,,,,富邦,,711B4514D0224DA297345911CDC8B56D,0,
766,TWD,10000,餐飲食品,cash,20240420,現金,,,,,,68C9A9308173457D904BD4044FF44BBA,0,
767,TWD,4637,餐飲食品,食材,20240420,信用卡,,,,富邦,,9279DB0EBAC6498E89C4F1E6BADD89DE,0,
768,TWD,1326,汽機車,油錢,20240420,信用卡,,,,永豐,,C0F1CA9C26D24CF088D6466DAAE34356,0,
769,TWD,11604,居家生活,管理費,20240420,現金,,,,,,9DAA6C9A371947D09E0DBB265C2707F5,0,
770,TWD,30000,居家生活,家電用品,20240421,現金,,,,,,2623E7C3AFD741918FFC1D5933AA4DC7,0,0
771,TWD,1175,餐飲食品,晚餐,20240426,信用卡,,,,富邦,,268874FD9EB54D679C9BD4A1931C78D3,0,
772,TWD,500,餐飲食品,食材,20240427,信用卡,,,,富邦,,17EFC254B8334133930B6E06C924D94B,0,
773,TWD,4100,餐飲食品,食材,20240428,信用卡,,,,富邦,,5614FDDA68DA4E4382A5140A76E2248D,0,
774,TWD,10000,餐飲食品,cash,20240501,現金,,,,,,676758BA9A4443D3B8AD25759FBBF253,0,
775,TWD,35528,居家生活,房屋稅,20240501,信用卡,,,,玉山,,15768438880D49019CF425B8420C8F6D,0,0
776,TWD,1500,稅務捐款,慈善捐款,20240502,信用卡,,,,富邦,,C63473BA23D3417AAD30A68D7AD2E667,0,
777,TWD,1500,稅務捐款,慈善捐款,20240503,信用卡,,,1|20211003|20260903||2|1,,,e9ec2a398cd94d7cbe88b2298330d995_20240503,,0
778,TWD,100000,餐飲食品,Wife,20240502,現金,,,,,,019F6670715B4EE5895497C0A408AA30,0,
779,TWD,35000,教育學習,補習費,20240502,現金,,,,,,DE79E87AB15D49648C22D69C380F49E1,0,
780,TWD,10000,餐飲食品,cash,20240505,現金,,,,,,2F21F4E9CF214F2FB7C805614905BE4F,0,
781,TWD,1367,居家生活,家電用品,20240505,信用卡,,,,富邦,,0685C05230DE42E5A1702624FE792E84,0,
782,TWD,1199,圖書刊物,書籍,20240505,信用卡,,,,富邦,,039D9C6111474B6F9D0B37F52400F3E2,0,
783,TWD,8165,醫療保健,保險,20240506,現金,,,,,,CDD9C8BEFDE849C19DB67EDE3C48C1C6,0,
784,TWD,1068134,稅務捐款,綜所稅,20240506,信用卡,,,,玉山,,0849F5BE5A664F69A360F0D0181C367A,0,
785,TWD,1500,稅務捐款,慈善捐款,20240509,信用卡,,,,富邦,,79D830C771244C3E92943D1C16039C6E,0,
786,TWD,5990,居家生活,家電用品,20240511,信用卡,,,,永豐,,FE854CD5C26D483099F5453A5C87DAD7,0,
787,TWD,1481,汽機車,油錢,20240511,信用卡,,,,富邦,,DE505357F140412C81DE4E648333AEC6,0,
788,TWD,42000,醫療保健,保險,20240515,信用卡,,,,富邦,,DB7DBEE74A9E409497061444DBFB6F23,0,
789,TWD,1500,稅務捐款,慈善捐款,20240415,信用卡,,,,富邦,,A3518994EA964F4D98916D6CB5BDB806,0,
790,TWD,949,圖書刊物,書籍,20240518,信用卡,,,,富邦,,87CD2EC43CDC4726B4835FDADAEBE637,0,
791,TWD,1991,餐飲食品,食材,20240518,信用卡,,,,富邦,,E412159A733140F5965402EABD682DED,0,
792,TWD,2000,稅務捐款,慈善捐款,20240518,信用卡,,,,富邦,,1043FA1DB52E414C8F9B0424A9ADAC3F,0,
793,TWD,4934,居家生活,電費,20240523,信用卡,,,,玉山,,4626E8B74910470EBA14EFFE0F69616B,0,
794,TWD,520000,居家生活,房地產,20240523,現金,,,,,,1EEFCE171E584AFB8FC54F4280F13F01,0,0
795,TWD,6093,居家生活,家電用品,20240525,信用卡,,,,富邦,,8A9C1CBBE5D548DD871008B6BC81094B,0,
796,TWD,9006,餐飲食品,食材,20240526,信用卡,,,,富邦,,38759CAFB64B453A85B0A665D4A5CD43,0,
797,TWD,2990,服飾美容,上衣,20240526,信用卡,,,,永豐,,7CD8E864D80840C3B5875C17E1CD5CB3,0,
798,TWD,13864,休閒娛樂,旅行遊玩,20240528,信用卡,,,,富邦,,AA6A4F1C9F0646BD87D31DC7A4D94750,0,
799,TWD,1420,休閒娛樂,旅行遊玩,20240601,信用卡,,,,永豐,,88DA7A26F78C4619A41D5CEFA21DB93A,0,
800,TWD,1420,休閒娛樂,旅行遊玩,20240601,信用卡,,,,永豐,,DBBE14BAF7AF44C78903755C9389AF84,0,
801,TWD,2833,餐飲食品,午餐,20240601,信用卡,,,,永豐,,412F4F4494DE44A19BFB6C0F8A661392,0,
802,TWD,3258,服飾美容,上衣,20240601,信用卡,,,,永豐,,2FC9962DA6CD46589307146345E82288,0,
803,TWD,3975,服飾美容,上衣,20240601,信用卡,,,,永豐,,F0D22B3AB2684E659C44AE1EBE2FA978,0,
804,TWD,3432,服飾美容,上衣,20240601,信用卡,,,,永豐,,7D36AA63C6594475B1615974205B62E6,0,
805,TWD,1500,稅務捐款,慈善捐款,20240603,信用卡,,,1|20211003|20260903||2|1,,,e9ec2a398cd94d7cbe88b2298330d995_20240603,,0
806,TWD,1000,稅務捐款,慈善捐款,20240605,信用卡,,,,,,6C598C78F06043AC82B9FD55F074B98A,0,
807,TWD,456,居家生活,水費,20240605,信用卡,,,,玉山,,92ECE72EE2194004AD43FB952E53A33C,0,
808,TWD,100000,餐飲食品,Wife,20240606,現金,,,,,,46F4AB7637754A0A89A2E77114A81A5C,0,
809,TWD,888,餐飲食品,食材,20240606,信用卡,,,,富邦,,1541A025BD9A4ADAB499A0DB409F7AFF,0,
810,TWD,269991,醫療保健,保險,20240608,信用卡,,,,永豐,,197873B36A3D473B8AC5649BA22FB21D,0,
811,TWD,7333,餐飲食品,食材,20240608,信用卡,,,,富邦,,E579EE09DD044987BBD704D1610B756E,0,
812,TWD,10000,餐飲食品,cash,20240609,現金,,,,,世紀享,46F19833F006427EB9E58994F4C9366D,0,
813,TWD,11133,休閒娛樂,旅行遊玩,20240609,信用卡,,,,富邦,,3612EE45AD484286A528206AB8FE23D1,0,
814,TWD,1500,稅務捐款,慈善捐款,20240609,信用卡,,,,富邦,,D34A75CAB1D14DB59A50EB7E3F2925F6,0,
815,TWD,1430,汽機車,油錢,20240610,信用卡,,,,永豐,,1AD7BAAA2FC440A5AF80B96AF07184F6,0,
816,TWD,1900,稅務捐款,慈善捐款,20240616,信用卡,,,,富邦,,47B37BE8B4C54FD3A72AAE9FDFD17153,0,
817,TWD,1336,餐飲食品,食材,20240616,信用卡,,,,富邦,,4BBF9F05FEAE4E9188F4D5B8086914E3,0,
818,TWD,2000,稅務捐款,慈善捐款,20240620,信用卡,,,,富邦,,9C8F0FFF1A374B51AC92017ED767E805,0,
819,TWD,2000,稅務捐款,慈善捐款,20240623,信用卡,,,,富邦,,3A09B3F0029A4E4A8D0607A039EC0090,0,
820,TWD,14097,教育學習,補習費,20240627,信用卡,,,,富邦,,2BBB91D5BEAA44D497D253EFE671BAC8,0,
821,TWD,1998,居家生活,家電用品,20240628,信用卡,,,,富邦,,423A19413C3443FD8B84BA4507EBBBA7,0,
822,TWD,840,餐飲食品,午餐,20240628,信用卡,,,,富邦,,493175C593944C5FBF653858D7E970BC,0,
823,TWD,6859,服飾美容,上衣,20240701,信用卡,,,,富邦,,C21EC52392EB4D43B151BF80D2B091EB,0,
824,TWD,2638,服飾美容,上衣,20240701,信用卡,,,,富邦,,6CC770B93AE142BC83182BE7D5F7513A,0,
825,TWD,1989,服飾美容,上衣,20240701,信用卡,,,,富邦,,8AA6B5FC9C374E949BADA886DB1A4AFB,0,
826,TWD,1714,居家生活,家電用品,20240701,信用卡,,,,富邦,,2A8A6B943E60426CB983FC417575C653,0,
827,TWD,3614,餐飲食品,晚餐,20240701,信用卡,,,,富邦,,9A73F03C7F714ECCB211D487FF68326F,0,
828,TWD,1500,稅務捐款,慈善捐款,20240702,信用卡,,,,富邦,,F6F273FAE74F47D2BE0513FD3B2EDBB3,0,0
829,TWD,1034,餐飲食品,食材,20240701,信用卡,,,,永豐,,087AA58C85A246D7AB88A1274C7511CF,0,
830,TWD,1813,餐飲食品,晚餐,20240701,信用卡,,,,永豐,,17ECE3B534ED4BF8B65015A4C809F68F,0,
831,TWD,1500,稅務捐款,慈善捐款,20240703,信用卡,,,1|20211003|20260903||2|1,,,e9ec2a398cd94d7cbe88b2298330d995_20240703,,0
832,TWD,100000,餐飲食品,Wife,20240703,現金,,,,,,B12432EB2F0740ACAB9474D9685E51EE,0,
833,TWD,1931,餐飲食品,午餐,20240704,信用卡,,,,永豐,,47DE58CBC1A84AAFA8C1164DC1D65774,0,
834,TWD,1070,餐飲食品,晚餐,20240704,信用卡,,,,富邦,,BAC1F8A8DFC946AEB9554302E0ECACEC,0,
835,TWD,1000,稅務捐款,慈善捐款,20240705,信用卡,,,,富邦,,47A8B6F963764B2DBA53EA8ABD005041,0,
836,TWD,500,3C通訊,手機,20240705,信用卡,,,,富邦,,D2E0C3A92B8040CB8B4744E9B75BF1E7,0,
837,TWD,3066,餐飲食品,午餐,20240706,信用卡,,,,永豐,,8096AA4CFB7B4BE8B5B9F8122B78C41B,0,
838,TWD,14000,服飾美容,上衣,20240706,信用卡,,,,永豐,,1718B5A974114C4FA4818DFB90C8CD1A,0,
839,TWD,13510,服飾美容,上衣,20240706,信用卡,,,,永豐,,F9CEDE38FA8242B69208708969C63A28,0,
840,TWD,13510,服飾美容,上衣,20240707,信用卡,,,,永豐,,ECCCD49D05B04F41A4832D9FBF692C31,0,
841,TWD,2033,餐飲食品,午餐,20240707,信用卡,,,,永豐,,D61599040BE244ECA7AE0D0843F00937,0,
842,TWD,1246,休閒娛樂,旅行遊玩,20240707,信用卡,,,,富邦,,2CCF5B46F48743A3AAAE681118FC56D7,0,
843,TWD,1500,稅務捐款,慈善捐款,20240709,信用卡,,,,富邦,,4DD2473B05574F82AF9FB14A9D1A33C3,0,
844,TWD,4099,餐飲食品,午餐,20240713,信用卡,,,,富邦,,FE07AB83A73F485D998E09C60BAD22BA,0,
845,TWD,2290000,汽機車,汽車,20240713,現金,,,,,,63B559A78A31468E88A2E72203BE1082,0,
846,TWD,6060,服飾美容,上衣,20240713,信用卡,,,,永豐,,0D48C30C29C641A8BC95D46A3206B719,0,
847,TWD,33000,服飾美容,配件,20240713,信用卡,,,,永豐,,9347F28732F9422283F3CE4D01421D41,0,
848,TWD,6511,餐飲食品,食材,20240714,信用卡,,,,永豐,,178B2DC3C4DC4227A1366DE26C90C9D3,0,
849,TWD,11604,居家生活,管理費,20240714,現金,,,,,,6A9E8A7F6CE8453690F85987AE11C00B,0,0
850,TWD,4800,汽機車,燃料費,20240715,信用卡,,,,永豐,,A908B119B2214D8AA322AD42D4952B1A,0,
851,TWD,1500,稅務捐款,慈善捐款,20240716,信用卡,,,,富邦,,4FF22D6D69BB44649FA2B72CD6F05F30,0,
852,TWD,2000,稅務捐款,慈善捐款,20240719,信用卡,,,,富邦,,61777399F2684F9BBD50379A05568B1D,0,
853,TWD,10000,餐飲食品,cash,20240720,現金,,,,,世紀享,397BF69CA500455082DFABA7BAB84232,0,
854,TWD,4800,餐飲食品,食材,20240720,現金,,,,,華生,0E3EC789CD8E49B69ED50EEB19CFB814,0,
855,TWD,2384,餐飲食品,午餐,20240720,信用卡,,,,永豐,,D2B94164C5F1402D927182104386556F,0,
856,TWD,2799,餐飲食品,食材,20240720,信用卡,,,,永豐,華生,A8D7CDBD61B0475F85DE442CD2FC4E59,0,
857,TWD,7191,居家生活,電費,20240723,信用卡,,,,玉山,,4F88A11DF0564DF595E5F5E816EBCD9A,0,
858,TWD,1726,汽機車,油錢,20240727,信用卡,,,,永豐,,3FE9C89CB2D14937AC048C285D46B2D3,0,
859,TWD,10000,餐飲食品,cash,20240727,現金,,,,,,9FEEAFAD503A4ED995FA8D19E95CA87A,0,0
860,TWD,1050,居家生活,家電用品,20240728,信用卡,,,,富邦,,BA322D7E97244B109DFD18F34ED5B15C,0,
861,TWD,526,居家生活,水費,20240801,信用卡,,,,玉山,,5E6DD6C10DDE4777B379689B0950953A,0,
862,TWD,100000,餐飲食品,Wife,20240801,現金,,,,,,4CA6E52EFF2E40B3AB3729EB83E5F576,0,
863,TWD,1500,稅務捐款,慈善捐款,20240803,信用卡,,,1|20211003|20260903||2|1,,,e9ec2a398cd94d7cbe88b2298330d995_20240803,,0
864,TWD,1507,3C通訊,電話費,20240803,信用卡,,,,富邦,,88B8A1A4140E4A9AAA69484FF199799A,0,
865,TWD,1450,汽機車,油錢,20240807,信用卡,,,,永豐,,C9AAAF6342C942FDACC7E377EF3D014D,0,
866,TWD,10000,餐飲食品,cash,20240807,現金,,,,,,952DB38DDC274B01A4D4E94BC1321083,0,
867,TWD,520000,居家生活,房地產,20240809,現金,,,,,,56DC8EE2B36045B28BEC27F50ED9B680,0,
868,TWD,1500,稅務捐款,慈善捐款,20240809,信用卡,,,,富邦,,18B87E8A46B144DC8585C1D4B8A55382,0,
869,TWD,5500,休閒娛樂,旅行遊玩,20240809,信用卡,,,,永豐,,6F68209CD37D4D7C9A671DBF01E469A5,0,
870,TWD,1013,休閒娛樂,旅行遊玩,20240809,信用卡,,,,富邦,,E71B165FB2A24B068FC6C82064EADB49,0,
871,TWD,8020,休閒娛樂,旅行遊玩,20240810,信用卡,,,,永豐,,6BEB57AAC5204E10BBED2A08523C1DA8,0,
872,TWD,2144,休閒娛樂,旅行遊玩,20240811,信用卡,,,,永豐,,4F1B1F5BA5844B3D985C5CADB6201863,0,
873,TWD,2020,汽機車,油錢,20240816,信用卡,,,,永豐,,CAEA5FBCD13D4A04937F043C0EA29724,0,
874,TWD,10000,餐飲食品,cash,20240817,現金,,,,,,0FF2257B61C7459DA6A473CF32373F08,0,
875,TWD,6444,餐飲食品,食材,20240817,信用卡,,,,Costco,,9160688F8DF24D32A6AAA64969A4508E,0,
876,TWD,2372,餐飲食品,食材,20240818,信用卡,,,,富邦,,2CE643640CD14BE09FA3C4EE231FD02B,0,
877,TWD,3010,餐飲食品,晚餐,20240823,信用卡,,,,富邦,,8574733DFC584604BE2D3F5A44E4379E,0,
878,TWD,2090,餐飲食品,食材,20240824,信用卡,,,,富邦,,3F13B911B0F14B9F98426A12C7646348,0,
879,TWD,896,餐飲食品,食材,20240824,信用卡,,,,富邦,,DD920B2D4CF3461595498CF69F8AC930,0,
880,TWD,1900,餐飲食品,食材,20240828,現金,,,,,,5C441481027D483D91DDE14E2ACD14C7,0,
881,TWD,100000,餐飲食品,Wife,20240905,現金,,,,,,24F6952EFC4843868341837F33C7BA3B,0,0
882,TWD,3446,餐飲食品,食材,20240904,信用卡,,,,Costco,,87AE6D4043934D6DB95CC3BC85EB6135,0,0
883,TWD,1500,稅務捐款,慈善捐款,20240903,信用卡,,,1|20211003|20260903||2|1,,,e9ec2a398cd94d7cbe88b2298330d995_20240903,,0
884,TWD,2015,汽機車,油錢,20240903,信用卡,,,,永豐,,3733EDC495BE4A6EAA4B295F2DCADB95,0,
885,TWD,10000,餐飲食品,cash,20240904,現金,,,,,,AC9A1E23AAD14975B85D0451ACB79ABC,0,
886,TWD,10000,教育學習,學雜費,20240904,現金,,,,,,24ED6462C2414BA896A13B2CB9BB54A0,0,
887,TWD,5000,餐飲食品,午餐,20240907,信用卡,,,,遠東銀,,E8C48AB45B044CEC82E49CDB74618D97,0,
888,TWD,2152,服飾美容,上衣,20240908,信用卡,,,,永豐,,B35AD67378074CB4AE53399E6FB3F864,0,
889,TWD,3692,服飾美容,上衣,20240908,信用卡,,,,富邦,,34EDB405773D46B6AFEC187E46A6EF14,0,
890,TWD,1935,服飾美容,上衣,20240908,信用卡,,,,富邦,,6AAD169F1FF54EB6BBB8CE177F4D2510,0,
891,TWD,1500,稅務捐款,慈善捐款,20240909,信用卡,,,,富邦,,B9871BE9CC01452DA9339CAF408D782C,0,
892,TWD,4180,餐飲食品,晚餐,20240912,信用卡,,,,永豐,,6EB08EEB76414E12A8C3B8D68F726288,0,
893,TWD,7980,餐飲食品,食材,20240912,信用卡,,,,Costco,,2AA61939969742A197EC714330F5C5D3,0,
894,TWD,1738,餐飲食品,食材,20240912,信用卡,,,,永豐,,227F7532A32D429BB63D2A3B4E32790B,0,
895,TWD,3200,稅務捐款,慈善捐款,20240919,信用卡,,,,富邦,,73291AE606D04EF6AD085E42EEC01FAF,0,
896,TWD,2870,餐飲食品,晚餐,20240921,信用卡,,,,永豐,,2160FB8859254BD7BF159A00E95DD207,0,
897,TWD,30000,餐飲食品,cash,20240923,現金,,,,,,0F961D900EBA49A9908A810880C1D30B,0,
898,TWD,11734,居家生活,電費,20240923,信用卡,,,,玉山,,8215D3D128DB4A469571136748FB9213,0,
899,TWD,1919,汽機車,油錢,20240923,信用卡,,,,永豐,,281D5B6BE3A9491999D28DAA69A4FAE5,0,
900,TWD,2110,餐飲食品,食材,20240925,現金,,,,,,C9F8F799713D483EB0DEFD7C6C6D5B56,0,0
901,TWD,26334,餐飲食品,晚餐,20240923,信用卡,,,,永豐,,9979D4E43EF04062BB9751D1D5DB5497,0,
902,TWD,26840,餐飲食品,晚餐,20240927,信用卡,,,,永豐,,0A51335037624F128B1116DD42432A18,0,
903,TWD,4128,餐飲食品,食材,20240928,信用卡,,,,Costco,,F9E43BA64BC64751A04AA11AD0469143,0,
904,TWD,985,餐飲食品,食材,20240928,信用卡,,,,永豐,,CD36CCBBF02A4565B2673E6CFDDDDC09,0,
905,TWD,2711,服飾美容,上衣,20241001,信用卡,,,,永豐,,2A7BE511BA694755A0B16E2CBB9ACC67,0,
906,TWD,2935,餐飲食品,食材,20241001,信用卡,,,,Costco,,37DAB7431D2C436797B9890B41A39DA0,0,
907,TWD,100000,餐飲食品,Wife,20241002,現金,,,,,,A7A4CB07283A4450AA6E4AD4F207BE39,0,
908,TWD,1500,稅務捐款,慈善捐款,20241003,信用卡,,,1|20211003|20260903||2|1,,,e9ec2a398cd94d7cbe88b2298330d995_20241003,,0
909,TWD,2073,服飾美容,上衣,20241002,信用卡,,,,Costco,,37BC94DFF8D94575A68B127156C4D6E1,0,
910,TWD,10000,餐飲食品,cash,20241007,現金,,,,,,370DC704978D4AA1886B61D0C2E4DD53,0,
911,TWD,1500,稅務捐款,慈善捐款,20241007,信用卡,,,,富邦,,8CE02D7D8BEB4DF1B744769A532458E2,0,
912,TWD,4262,餐飲食品,晚餐,20241010,信用卡,,,,永豐,,D9DB3B74638D4440BCE34AE58ED82665,0,
913,TWD,1110,餐飲食品,食材,20241010,信用卡,,,,Costco,,0410DC4C549247DE908886EB6F54407C,0,
914,TWD,30000,教育學習,補習費,20241011,現金,,,,,台銀黃金,BD5EC3B7EEB249D5AE3B94C3C3139881,0,
915,TWD,5000,服飾美容,上衣,20241011,信用卡,,,,遠東銀,,C1E31183ACD8421B83C4896695A167E8,0,
916,TWD,3391,服飾美容,上衣,20241013,信用卡,,,,永豐,,0D6AD90355A6418196E8E0FF103AAC94,0,
917,TWD,672,餐飲食品,食材,20241013,信用卡,,,,永豐,,75CD4BA48EBE48B2844C7C76CB7D5F4B,0,
918,TWD,500000,醫療保健,保險,20241015,現金,,,,,,1B3E4A3C36F84DABA28B215551F605E0,0,
919,TWD,3200,稅務捐款,慈善捐款,20241018,信用卡,,,,富邦,,541C2D84CED24D84803B3A463E5D6AA8,0,
920,TWD,1011,圖書刊物,書籍,20241018,信用卡,,,,富邦,,E489276F4AE84E5085A4CC0E2F106310,0,
921,TWD,11604,居家生活,管理費,20241018,現金,,,,,,1F69D2AEF932407AB2619099BA682BB3,0,
922,TWD,10000,餐飲食品,cash,20241018,現金,,,,,,E1A690CD106D4B7896DA962F3D0F2066,0,
923,TWD,109860,休閒娛樂,旅行遊玩,20241019,信用卡,,,,永豐,,EB97B93D88B94E7F846415F3046CC29E,0,
924,TWD,9937,休閒娛樂,旅行遊玩,20241019,信用卡,,,,永豐,,D4686A2E909347178A6E0EF0C89A6571,0,
925,TWD,553,居家生活,水費,20241020,信用卡,,,,玉山,,72B5D802BFCB44DB8570510FEA47DA30,0,
926,TWD,2424,服飾美容,上衣,20241020,信用卡,,,,永豐,,92BAA285633542ADA7CA85F16A9FDD88,0,
927,TWD,3906,服飾美容,上衣,20241020,信用卡,,,,富邦,,13B15AF06F6849FFB7D64C7A71DFBA84,0,
928,TWD,9301,餐飲食品,食材,20241026,信用卡,,,,Costco,,AD017327858C4A298D1D3604707AD181,0,
929,TWD,2200,餐飲食品,食材,20241026,信用卡,,,,Costco,,45FFE1F5064C43C6B8486C74A41EF979,0,
930,TWD,1167,餐飲食品,食材,20241031,信用卡,,,,永豐,,C36761DCEA91430F9694EC82F72395DF,0,
931,TWD,1500,稅務捐款,慈善捐款,20241103,信用卡,,,1|20211003|20260903||2|1,,,e9ec2a398cd94d7cbe88b2298330d995_20241103,,0
932,TWD,10000,餐飲食品,cash,20241103,現金,,,,,,35211BA8E433425C8C0BEB2F7C145FA4,0,0
933,TWD,100000,餐飲食品,Wife,20241105,現金,,wife,,,,18C6CDEF245447608B525BA3FF9358BA,0,0
934,TWD,1936,汽機車,油錢,20241109,信用卡,,,,永豐,,793704D5708F44BD91D75E3889CA21C1,0,
935,TWD,1500,稅務捐款,慈善捐款,20241109,信用卡,,,,富邦,,85CCA14A845349588AFE21A8654C2317,0,
936,TWD,2399,服飾美容,上衣,20241109,信用卡,,,,永豐,,3E7BEB51891646CC843A078C53A434A7,0,
937,TWD,24000,醫療保健,保險,20241111,信用卡,,,,富邦,,06DC0C031E16428A83FFE85A48DEBA74,0,0
938,TWD,23991,餐飲食品,食材,20241109,信用卡,,,,富邦,,B748A9B2E8384C39BA60D65989C6F56E,0,
939,TWD,18510,休閒娛樂,旅行遊玩,20241116,信用卡,,,,永豐,,5B180132299E4F90AAD010D99199B231,0,
940,TWD,9079,休閒娛樂,旅行遊玩,20241116,信用卡,,,,永豐,,3FAF3F7D30BC49A29E3433359383CC4E,0,
941,TWD,5708,休閒娛樂,旅行遊玩,20241116,信用卡,,,,永豐,,D85D900C42394792B6667A928EBB6F1A,0,
942,TWD,6633,休閒娛樂,旅行遊玩,20241116,信用卡,,,,永豐,,DB911A62D4BC4465A9BB5583C736F3A8,0,
943,TWD,20853,休閒娛樂,旅行遊玩,20241116,信用卡,,,,永豐,,30C633B5F6BD4C628F67B3C032555B27,0,
944,TWD,1150000,居家生活,房地產,20241119,現金,,車位,,,,89E99BADFF5B468BB9FF7E06C9AD27A0,0,
945,TWD,1200,休閒娛樂,旅行遊玩,20241122,信用卡,,,,富邦,,AC84E9E00EF043B18426276C22FF7673,0,0
946,TWD,6178,居家生活,電費,20241122,信用卡,,,,玉山,,5CE8621D688B43B2B001C7430FB99378,0,
947,TWD,1263,圖書刊物,書籍,20241122,信用卡,,,,富邦,,FB152C4881DE4915B05AF8B421C3D6BE,0,
948,TWD,20000,餐飲食品,cash,20241122,現金,,,,,,686AA838145C4BA6B89F6FA97FA8ECC1,0,
949,TWD,3200,稅務捐款,慈善捐款,20241122,信用卡,,,,富邦,,68CD69AD834E4201BAFF9DE6CB37F857,0,
950,TWD,1748,服飾美容,上衣,20241122,信用卡,,,,富邦,,496EA609CD014AC79BFDF173057FAC82,0,
951,TWD,1743,汽機車,油錢,20241122,信用卡,,,,永豐,,8423F3DEB7A44D8CB6D9759E01D6C2B7,0,
952,TWD,1683,餐飲食品,食材,20241201,信用卡,,,,富邦,,532C77FAEA8A4B40B3E2C0FF835F4918,0,0
953,TWD,647,居家生活,水費,20241201,信用卡,,,,玉山,,68F143B31FB3430F9A0BE6E9E9A5C710,0,
954,TWD,1500,稅務捐款,慈善捐款,20241201,信用卡,,,,永豐,,8529A748F713430C817848ADFE7A38E4,0,
955,TWD,1500,稅務捐款,慈善捐款,20241203,信用卡,,,1|20211003|20260903||2|1,,,e9ec2a398cd94d7cbe88b2298330d995_20241203,,0
956,TWD,100000,餐飲食品,Wife,20241203,現金,,,,富邦,,58F6F48D537142CB8FA582FEAA3158BB,0,0
957,TWD,2000,服飾美容,上衣,20241208,信用卡,,,,遠東銀,,DF81ECEA43E44EF9A54C051319674985,0,
958,TWD,1500,稅務捐款,慈善捐款,20241209,信用卡,,,,富邦,,A37CCC3E3A2E45FABE545630E1FA5D19,0,
959,TWD,50000,教育學習,補習費,20241209,現金,,,,,,3DAB19130D3F4A5CB35732F0E975B081,0,0
960,TWD,10000,餐飲食品,cash,20241212,現金,,,,,,6346E463006B4BFB946BBF8CB40CEDFC,0,
961,TWD,1692,汽機車,油錢,20241213,信用卡,,,,永豐,,AB471E28B2F84D33964FA7FE45658718,0,
962,TWD,88888,餐飲食品,Wife,20241214,現金,,,,,,F32F40BE70E44157A3E6125AE0BA1564,0,
963,TWD,14929,餐飲食品,食材,20241214,信用卡,,,,Costco,,BFA221B6F8E44C6B95BDA6157ADBB723,0,
964,TWD,1750,服飾美容,上衣,20241214,信用卡,,,,富邦,,DAE3B6EE50D942FB9F547FDC7064874B,0,
965,TWD,2866,餐飲食品,午餐,20241215,信用卡,,,,永豐,,33E03404990C40F1B5409E64B484F73B,0,
966,TWD,3300,3C通訊,手機,20241215,信用卡,,,,富邦,,AEB91D152FD64DF9A24F2EC166D6A4D9,0,
967,TWD,1322,教育學習,書,20241217,信用卡,,,,富邦,,71EE489C36354E5EA714E40FF2686524,0,
968,TWD,19192,休閒娛樂,旅行遊玩,20241218,信用卡,,,,永豐,,C392539A14E84810A4079F35DCBE661C,0,
969,TWD,3200,稅務捐款,慈善捐款,20241220,信用卡,,,,富邦,,6139B76031B840D4894FAC2EF91C9CEA,0,
970,TWD,3608,餐飲食品,食材,20241222,信用卡,,,,永豐,,23F8F495D3B74EE1897F62044E42D28D,0,
971,TWD,1288,餐飲食品,食材,20241226,信用卡,,,,富邦,,C469E9AB921A449798ECE403D5F4D7B2,0,
972,TWD,10000,餐飲食品,cash,20241226,現金,,,,,,25407C77B75140CABC720163A9CF7185,0,
973,TWD,10000,餐飲食品,cash,20241228,現金,,,,,,39057C9AB38D41E1B0D02BC0D724C571,0,
974,TWD,9663,餐飲食品,食材,20241228,信用卡,,,,富邦,,B05D126A3220494B925C0EE86E504E85,0,
975,TWD,2880,服飾美容,上衣,20241229,信用卡,,,,富邦,,85074D2E10CA4742A8365D7BD15AF7D0,0,
976,TWD,3063,服飾美容,上衣,20241229,信用卡,,,,永豐,,D4AB2CBD7AA3489CB8DC30351B72021E,0,
977,TWD,3060,居家生活,瓦斯費,20241230,現金,,,,,,3BFC989A25BF46A79E5A7D4AB4CFAD86,0,
978,TWD,71280,教育學習,補習費,20241231,信用卡,,,,富邦,,2958A1B2F6354C1892D445FB7061FFDF,0,
979,TWD,1500,稅務捐款,慈善捐款,20250102,信用卡,,,,永豐,,9F8811BF4EE144FD80AFC9EB3A33D8D2,0,
980,TWD,1500,稅務捐款,慈善捐款,20250103,信用卡,,,1|20211003|20260903||2|1,,,e9ec2a398cd94d7cbe88b2298330d995_20250103,,0
981,TWD,390,餐飲食品,食材,20250104,信用卡,,,,富邦,,5727DC62C7524AD8B1DFD264A24B02AC,0,0
982,TWD,100000,餐飲食品,Wife,20250104,現金,,,,富邦,,55ECCEA571674D13B7B1B23E805BE75D,0,0
983,TWD,844,餐飲食品,食材,20250106,信用卡,,,,富邦,,1E7AA55690CA46D586082814938F4214,0,
984,TWD,12204,居家生活,管理費,20250107,現金,,,,,,B6B02381D71B466D99BC90AF46F8C284,0,
985,TWD,3300,餐飲食品,食材,20250108,現金,,,,富邦,,7C10D19B7EDA4A81BE2CE4763E9BEA85,0,
986,TWD,20000,服飾美容,上衣,20250112,現金,,,,,,73C6DF1746D247A7BDEF139A29A2D55F,0,
987,TWD,988,休閒娛樂,旅行遊玩,20250113,信用卡,,,,永豐,,A4DE5827759D4F4FB565B21430F5D380,0,0
988,TWD,1505,餐飲食品,晚餐,20250117,信用卡,,,,永豐,,080E22E6434D49B7922E60BD6D7515DB,0,
989,TWD,2946,餐飲食品,午餐,20250118,信用卡,,,,遠東銀,,E092DBDC699844DDA5AECC585C6848E7,0,
990,TWD,5839,服飾美容,上衣,20250118,信用卡,,,,遠東銀,,41C18EC077A64FE7AAB619D8598C756D,0,
991,TWD,4140,服飾美容,上衣,20250118,信用卡,,,,遠東銀,,BADE577257B044CFB7E656A9B9A955CB,0,
992,TWD,1987,服飾美容,上衣,20250118,信用卡,,,,遠東銀,,46E35E7DD4004390B6F5A3D646114D0F,0,
993,TWD,9519,服飾美容,上衣,20250120,信用卡,,,,永豐,,33EB70EDC05F4CF5B53516189AB4172A,0,
994,TWD,9188,休閒娛樂,旅行遊玩,20250120,信用卡,,,,永豐,,BB83BD27F77D43DDA14083BA01834932,0,
995,TWD,120000,餐飲食品,cash,20250120,現金,,,,,,92EF924F83A0472BA774D8A5CCF66816,0,
996,TWD,3200,稅務捐款,慈善捐款,20250120,信用卡,,,,富邦,,E1116E734CBB4D8EA0B04E16915CDD11,0,
997,TWD,2439,餐飲食品,午餐,20250120,信用卡,,,,永豐,,C32AB13758E643ACBDF6ECC8C81C28AD,0,
998,TWD,3639,餐飲食品,晚餐,20250120,信用卡,,,,永豐,,4B83CACB67874125B949A0818AB1CFC4,0,
999,TWD,1365,餐飲食品,晚餐,20250120,信用卡,,,,永豐,,B06F2D2E016540E78D635B0DA0F9DB5D,0,
1000,TWD,5998,休閒娛樂,旅行遊玩,20250120,信用卡,,,,永豐,,E3841BB3E4DE41C2B6D5D6DEA78E17AD,0,
1001,TWD,3345,餐飲食品,晚餐,20250120,信用卡,,,,永豐,,22F78F653431443990B5D2AC152AC53C,0,
1002,TWD,3781,服飾美容,上衣,20250122,信用卡,,,,永豐,,56436617A0C2424A971CB4ED27C546B2,0,0
1003,TWD,671,餐飲食品,午餐,20250122,信用卡,,,,永豐,,8356E78BA5B64F1F956CC3169CCBAB7B,0,
1004,TWD,1060,休閒娛樂,旅行遊玩,20250122,信用卡,,,,永豐,,A539C53FFC2C4DD1BEFC6EC466ABADA7,0,
1005,TWD,792,休閒娛樂,旅行遊玩,20250122,信用卡,,,,永豐,,FF55DD75583C429FAA9634923990C220,0,
1006,TWD,3679,休閒娛樂,旅行遊玩,20250122,信用卡,,,,永豐,,6326860D35D84E07A9BFE775352228D4,0,
1007,TWD,1999,休閒娛樂,旅行遊玩,20250122,信用卡,,,,永豐,,87D4AE76716D4ECABA0FA7F8FD1C42FE,0,
1008,TWD,4564,休閒娛樂,旅行遊玩,20250124,信用卡,,,,永豐,,7759C7C898744F5AADC54026FE5EE77E,0,
1009,TWD,3702,休閒娛樂,旅行遊玩,20250124,信用卡,,,,永豐,,058AABFC95584DCBA1C7273747832E33,0,
1010,TWD,2184,休閒娛樂,旅行遊玩,20250128,信用卡,,,,永豐,,479F3776B2F64AB3B5390BBA930FC7FB,0,
1011,TWD,3029,休閒娛樂,旅行遊玩,20250128,信用卡,,,,永豐,,DC0E5A30AFDF4C9AA56CF50408CE66C3,0,
1012,TWD,3250,休閒娛樂,旅行遊玩,20250128,信用卡,,,,永豐,,9950816CEA5D499DB30744DF0A329596,0,
1013,TWD,4832,休閒娛樂,旅行遊玩,20250129,信用卡,,,,永豐,,D314527DE21E411C8C3A8679CEA45B6F,0,
1014,TWD,6029,休閒娛樂,旅行遊玩,20250129,信用卡,,,,永豐,,D9BB3708D820474AAB1E7AEC7BB7F166,0,
1015,TWD,4377,休閒娛樂,旅行遊玩,20250129,信用卡,,,,永豐,,D7DEB7B4C10848C9B5BF7A8D3DE97AF6,0,
1016,TWD,9492,休閒娛樂,旅行遊玩,20250129,信用卡,,,,永豐,,28D0B5437ADE497F89A56D3F5541552C,0,
1017,TWD,2453,休閒娛樂,旅行遊玩,20250129,信用卡,,,,永豐,,1FD1B761987D45EA835120E060C48A67,0,
1018,TWD,1683,休閒娛樂,旅行遊玩,20250130,信用卡,,,,永豐,,71CBAF7385C6466883E317131D139C5C,0,
1019,TWD,4096,休閒娛樂,旅行遊玩,20250130,信用卡,,,,永豐,,D5D4BFA6BC9B498485C8CF6D5CAA8B93,0,
1020,TWD,4015,休閒娛樂,旅行遊玩,20250130,信用卡,,,,永豐,,16B6E70FDB3B44B6A51F9CBA6EDB7D1A,0,
1021,TWD,2079,餐飲食品,晚餐,20250130,信用卡,,,,永豐,,1B96B5BB073740D0B4BB11A1D81E2AB3,0,
1022,TWD,776,餐飲食品,食材,20250201,信用卡,,,,富邦,,B5BA3CCFD04645DFA743E31E0FCD760D,0,0
1023,TWD,1412,餐飲食品,食材,20250201,信用卡,,,,富邦,,0C6CA2BB36E74E6297861AD0EDB35B83,0,
1024,TWD,1500,稅務捐款,慈善捐款,20250202,信用卡,,,,富邦,,100974AAE2154527BB2676560F2FE1D4,0,
1025,TWD,100000,餐飲食品,Wife,20250202,現金,,,,,,4C6B98993D7A4BE598151742FE6317D1,0,
1026,TWD,1991,汽機車,油錢,20250202,信用卡,,,,永豐,,2F3C5F4C77E84E2FA61E0B39988C8E04,0,
1027,TWD,1697,服飾美容,上衣,20250202,信用卡,,,,永豐,,3D1AEE91336741C4A47BD2F5D03556A6,0,
1028,TWD,1500,稅務捐款,慈善捐款,20250203,信用卡,,,1|20211003|20260903||2|1,,,e9ec2a398cd94d7cbe88b2298330d995_20250203,,0
1029,TWD,2387,居家生活,家電用品,20250204,信用卡,,,,富邦,,EDF187A085B446CA8A90B7FA59BD5D97,0,
1030,TWD,520000,居家生活,房地產,20250204,現金,,,,,,4C39CECD720F4AA79E2B451DA2EE733F,0,
1031,TWD,19311,稅務捐款,綜所稅,20250205,信用卡,,,,永豐,,26B21F83F3C34B9092EF904171F5D654,0,
1032,TWD,5691,餐飲食品,食材,20250208,信用卡,,,,富邦,,B2775077479849A0A84AE04DCDE4C5EF,0,
1033,TWD,1500,稅務捐款,慈善捐款,20250208,信用卡,,,,富邦,,0CD151CA7F244FC69168C796D06E11F0,0,
1034,TWD,10000,餐飲食品,cash,20250213,現金,,,,,,7B6FE3A72283492EB1853AAE1EA119C7,0,
1035,TWD,1288,餐飲食品,食材,20250214,信用卡,,,,永豐,,58F4B64675FA4ABF8BED9286D330EF60,0,
1036,TWD,2090,餐飲食品,午餐,20250216,信用卡,,,,永豐,,A85DB8114DC24F4DA004584ECD0BE69B,0,
1037,TWD,4641,餐飲食品,食材,20250216,信用卡,,,,Costco,,8F795D7DA5D94591A902CE968B6BC81C,0,
1038,TWD,999,餐飲食品,食材,20250216,信用卡,,,,富邦,,CDF90B1172E9451889C7ABF23A60FBC9,0,
1039,TWD,3200,稅務捐款,慈善捐款,20250220,信用卡,,,,富邦,,F231BE0B4CBF49F187144090CD9E4B65,0,0
1040,TWD,10000,餐飲食品,cash,20250222,現金,,,,,,36A340076722422891279514465EB5C2,0,
1041,TWD,1861,餐飲食品,食材,20250222,信用卡,,,,富邦,,A791B8070A334DEFA69FAC5D37B4711E,0,
1042,TWD,100000,餐飲食品,Wife,20250303,現金,,,,,,37E4A24160AC41E195A925EB342F2B4C,0,
1043,TWD,40000,教育學習,補習費,20250303,現金,,,,,,9883799847A64A5A8385C39BA0B1056B,0,
1044,TWD,2000,餐飲食品,食材,20250227,信用卡,,,,富邦,,A60BE4D7BFBE4BE5AD58C60DB01F0A1F,0,
1045,TWD,100000,稅務捐款,慈善捐款,20250301,信用卡,,,,永豐,,930ACCCE797F4339980445CECBE71B34,0,
1046,TWD,1923,汽機車,油錢,20250301,信用卡,,,,永豐,,BC3C1E757AB5426D81C4122E0CA5B2B0,0,
1047,TWD,6643,餐飲食品,晚餐,20250301,信用卡,,,,永豐,,CB8A3473461C48168DDBA2894BBD6109,0,
1048,TWD,1500,稅務捐款,慈善捐款,20250302,信用卡,,,,永豐,,AA9AEEF98DB8402795249A5806DA2DD0,0,
1049,TWD,935,圖書刊物,書籍,20250302,信用卡,,,,富邦,,C920C68D33584147B63C6C098C9B56B1,0,
1050,TWD,1500,稅務捐款,慈善捐款,20250303,信用卡,,,1|20211003|20260903||2|1,,,e9ec2a398cd94d7cbe88b2298330d995_20250303,,0
1051,TWD,3980,居家生活,電費,20250304,信用卡,,,,玉山,,FB4795B6CBE749F0820B7B321327D8B7,0,
1052,TWD,2920,餐飲食品,午餐,20250308,信用卡,,,,富邦,,70602BBF6D46463CB7F469F73BF26255,0,
1053,TWD,1056,餐飲食品,食材,20250308,信用卡,,,,富邦,,AE606C49CC864D99A0805EAB7B0DB477,0,
1054,TWD,503,餐飲食品,食材,20250308,信用卡,,,,永豐,,CBA1E2711ECA4583B502A30905D5CAAE,0,
1055,TWD,3615,餐飲食品,食材,20250308,信用卡,,,,富邦,,B27CF4DCD0C547BE91E7D5C6BC25377B,0,
1056,TWD,17900,居家生活,家電用品,20250308,信用卡,,,,永豐,,23F313A91F2F4B4C89F8DF4F23C8BC7C,0,
1057,TWD,1725,餐飲食品,食材,20250309,信用卡,,,,永豐,,0FC1AAAC75774470AA72EAE7B1B39CF4,0,
1058,TWD,1288,醫療保健,健身,20250309,信用卡,,,,永豐,,1D16FFBED40B476DBA955A8DA8FE2E1F,0,
1059,TWD,1265,餐飲食品,食材,20250315,信用卡,,,,永豐,,F3DA324E40734E52B3A6DAB90C88EF45,0,
1060,TWD,1336,餐飲食品,食材,20250316,信用卡,,,,富邦,,6C3EE1438FEA46F9A285E508132FBC58,0,
1061,TWD,3200,稅務捐款,慈善捐款,20250320,信用卡,,,,富邦,,648DBE51D4F5417E82B353AB12443956,0,
1062,TWD,10000,餐飲食品,cash,20250322,現金,,,,,,DB277C8B561949CBAD145D725B4CDFA7,0,
1063,TWD,813,餐飲食品,食材,20250322,信用卡,,,,富邦,,321F8C45072147B7BBF7A45AD1650F34,0,
1064,TWD,1834,汽機車,油錢,20250401,信用卡,,,,永豐,,74D9348D431D4C18BEF4D5121CE6D129,0,
1065,TWD,1000,居家生活,家電用品,20250401,信用卡,,,,富邦,,6017FC9827854688B3C5A345C8720F47,0,
1066,TWD,1500,稅務捐款,慈善捐款,20250402,信用卡,,,,富邦,,AC1E2082BB72429790E92C578430AE03,0,0
1067,TWD,10000,餐飲食品,cash,20250402,現金,,,,,,DB635866499C411CBE894099F298F617,0,
1068,TWD,100000,餐飲食品,Wife,20250402,現金,,,,,,6134BB7B5B8F47E0AD9C75D587B0BDAD,0,
1069,TWD,1500,稅務捐款,慈善捐款,20250403,信用卡,,,1|20211003|20260903||2|1,,,e9ec2a398cd94d7cbe88b2298330d995_20250403,,0
1070,TWD,3040,餐飲食品,晚餐,20250402,信用卡,,,,富邦,,B9909FFCEF4E469AA67E43EF83B4AA9D,0,
1071,TWD,12204,居家生活,管理費,20250405,現金,,,,,,D1F9D45EE3F348559CE9D00822F6DED4,0,
1072,TWD,7120,汽機車,牌照稅,20250405,信用卡,,,,永豐,,D5F519EBEBA9445EAF1578DFB7970FF1,0,
1073,TWD,12490,居家生活,家電用品,20250405,信用卡,,,,富邦,,36D0877ACE4B43289853A242BFC688F5,0,
1074,TWD,1640,服飾美容,上衣,20250405,信用卡,,,,富邦,,9483CEB7676D46A08D50CA30A9AC1A34,0,
1075,TWD,2134,餐飲食品,晚餐,20250405,信用卡,,,,富邦,,0C721228BADA472CB25724A4C51E2958,0,
1076,TWD,888,餐飲食品,食材,20250408,信用卡,,,,富邦,,91DE3EE8ED604E9DA84FC53317C3A03F,0,
1077,TWD,1785,餐飲食品,午餐,20250412,信用卡,,,,富邦,,DE51CA94ECB54363B0650B9C31ED546E,0,
1078,TWD,2145,餐飲食品,晚餐,20250412,信用卡,,,,富邦,,91D55CC18A7D47D0B39E16FB0BD95366,0,
1079,TWD,1660,餐飲食品,食材,20250412,信用卡,,,,富邦,,4973042C87174BA7BF3BFC2BD00F2B8D,0,
1080,TWD,1288,醫療保健,健身,20250414,信用卡,,,2|20250414|20250414|20250414|2|1,永豐,,4A6B15496B97439EB18AAA3F9624CFAE,0,0
1081,TWD,3200,稅務捐款,慈善捐款,20250418,信用卡,,,,富邦,,FF88F12F9FEE4267A0B1467DA1077938,0,
1082,TWD,4013,餐飲食品,晚餐,20250419,信用卡,,,,富邦,,F8E2C84C439647B2A42849B93E8C7847,0,
1083,TWD,1287,餐飲食品,食材,20250419,信用卡,,,,富邦,,EA2895363D4043C7B4D8FC12D15C362D,0,
1084,TWD,1808,汽機車,油錢,20250422,信用卡,,,,永豐,,BC50405989EC4CBD8A390EDC821A3939,0,
1085,TWD,2056,居家生活,電費,20250423,信用卡,,,,玉山,,837B588A0F96441DA64EABFEACC9F936,0,
1086,TWD,2980,居家生活,軟化鹽錠,20250423,信用卡,,,,富邦,,94ED45CDA93247AB823DCA44E8B69F0C,0,
1087,TWD,22000,醫療保健,保險,20250423,信用卡,,,,富邦,,55A96C98F1D644388F45E3FEFC224D20,0,
1088,TWD,22000,醫療保健,保險,20250423,信用卡,,,,富邦,,B9B037B5DC4F42398A88672F7D87A81C,0,
1089,TWD,4534,餐飲食品,食材,20250423,信用卡,,,,富邦,,869EE29832654D21B913225BB5099689,0,
1090,TWD,11230,汽機車,牌照稅,20250426,信用卡,,,,永豐,,E472D335A03A4288AB9F2DCBE5D9B421,0,
1091,TWD,3622,餐飲食品,食材,20250426,信用卡,,,,富邦,,050393A03ACA4C80ABCEC28B2374C412,0,
1092,TWD,3823,餐飲食品,食材,20250429,信用卡,,,,富邦,,38DE6AC0D65740A8B73C5F416E9B7651,0,
1093,TWD,100000,餐飲食品,Wife,20250502,現金,,,,,,7CD729C9B84C41B491917444EA2E064E,0,
1094,TWD,130000,教育學習,補習費,20250502,現金,,,,,,FA964811037D480C82484F97D47CC39B,0,
1095,TWD,840,餐飲食品,食材,20250502,信用卡,,,,富邦,,7287BFA1A6364DFA80ED03195FF4C9CF,0,
1096,TWD,1500,稅務捐款,慈善捐款,20250503,信用卡,,,1|20211003|20260903||2|1,,,e9ec2a398cd94d7cbe88b2298330d995_20250503,,0
1097,TWD,10000,餐飲食品,cash,20250504,現金,,,,,,8917A226F7F14F54828CE81792C36EE2,0,
1098,TWD,4190,圖書刊物,書籍,20250508,信用卡,,,,富邦,,B2AE0D7AC84043749947C5304D355C63,0,
1099,TWD,7170,居家生活,家電用品,20250509,信用卡,,,,富邦,,EA0DBB153BC9451698896D153C856808,0,
1100,TWD,36740,稅務捐款,房屋稅,20250509,信用卡,,,,,,27F620D8232E4431B78F7CA7B54DEE05,0,
1101,TWD,2327,餐飲食品,食材,20250509,信用卡,,,,永豐,,9ACEBF42C6DF49E09A91C729EFC6D7A3,0,
1102,TWD,3230,餐飲食品,食材,20250511,信用卡,,,,富邦,,85434E19FC9245A2A5EF83136AF4D91D,0,
1103,TWD,1417,服飾美容,上衣,20250511,信用卡,,,,富邦,,C8D2F5DC7FC84977865509FA3AEDF85F,0,
1104,TWD,10828,居家生活,家電用品,20250511,信用卡,,,,富邦,,D47CB815D2474B1AA6DA191DE64B6619,0,
1105,TWD,1288,餐飲食品,食材,20250411,信用卡,,,,富邦,,8D12E66492FA4119A33B5D077B8E59BF,0,
1106,TWD,1288,醫療保健,健身,20250514,信用卡,,,,永豐,,B628E14A3F73418B918C83F43B56DC42,0,
1107,TWD,1730,汽機車,油錢,20250514,信用卡,,,,永豐,,57E7875D94FC48FEAE091D8721B93BEA,0,
1108,TWD,4895,服飾美容,上衣,20250517,信用卡,,,,富邦,,163A0EB26A83427BA1D16E7807812787,0,0
1109,TWD,90999,居家生活,家電用品,20250517,信用卡,,,,永豐,,663C2A39589646479AD4AA896E4BA711,0,
1110,TWD,870,餐飲食品,午餐,20250518,信用卡,,,,富邦,,D3E03D5E913F4B21A4A4E5F427272E82,0,
1111,TWD,3200,稅務捐款,慈善捐款,20250520,信用卡,,,,富邦,,1260A09418BE48A38B1D562445BB13C8,0,
1112,TWD,2919,居家生活,電費,20250520,信用卡,,,,玉山,,6A6CB6B988FA4F93BC1A525604D9FABA,0,
1113,TWD,3916,餐飲食品,食材,20250524,信用卡,,,,富邦,,DDE1B26DF7A943F68F2C8334D45C831E,0,
1114,TWD,7239,餐飲食品,食材,20250524,信用卡,,,,富邦,,CE55E142E24F4B078DA807E9E035870F,0,
1115,TWD,10000,餐飲食品,cash,20250529,現金,,,,,,E693E48C2BAF498CAA0C86BA9F8F5051,0,
1116,TWD,1840,居家生活,家電用品,20250530,信用卡,,,,Costco,,088994E2CF6B4CC49A0AEE21037DA2C1,0,
1117,TWD,5061,餐飲食品,食材,20250530,信用卡,,,,富邦,,C5A1EC2D494B4C059F3F15A44BE19124,0,
1118,TWD,8672,餐飲食品,晚餐,20250530,信用卡,,,,富邦,,C7AF1422AC094D1084F8483B66FC5CD9,0,
1119,TWD,2088,餐飲食品,食材,20250530,信用卡,,,,富邦,,086BD2D35B444AE19EBC3D763D4E0D11,0,
1120,TWD,1586,汽機車,油錢,20250601,信用卡,,,,永豐,,B56B4C8E30FC4E43B818781BE94BFACB,0,0
1121,TWD,1860,餐飲食品,午餐,20250601,信用卡,,,,富邦,,C550289F48264E958C7CF12ED9674C2E,0,0
1122,TWD,1500,稅務捐款,慈善捐款,20250602,信用卡,,,,永豐,,D979CA09E23A455985B695D2ECA3509B,0,
1123,TWD,100000,餐飲食品,Wife,20250602,現金,,,,,,914631F3160842E3AD3961AB118CACCB,0,
1124,TWD,700,餐飲食品,食材,20250602,信用卡,,,,富邦,,6B4F5622CD7A4573A53E796BE1C26C0B,0,
1125,TWD,1500,稅務捐款,慈善捐款,20250603,信用卡,,,1|20211003|20260903||2|1,,,e9ec2a398cd94d7cbe88b2298330d995_20250603,,0
1126,TWD,563,居家生活,水費,20250604,信用卡,,,,玉山,,D0E6A1EE66924BC0A647CBF47B67F1D5,0,
1127,TWD,918526,稅務捐款,綜所稅,20250604,信用卡,,,,玉山,,D85304F8C36246B687A7B97D49256017,0,
1128,TWD,62919,休閒娛樂,旅行遊玩,20250607,信用卡,,,,富邦,,8794967B3B5B4EEBBAD9CAE08365FD07,0,
1129,TWD,7176,餐飲食品,食材,20250607,信用卡,,,,富邦,,5945AD5E9F7D4428B83F5FD7EDA1B11F,0,
1130,TWD,41111,汽機車,保險與稅捐,20250609,信用卡,,,,永豐,,4F2F54099D334AF2B79C2FBB8B4440B8,0,
1131,TWD,12409,休閒娛樂,旅行遊玩,20250609,信用卡,,,,永豐,,3E8AAC82B56C419FBDA7496911F19F1D,0,
1132,TWD,16482,休閒娛樂,旅行遊玩,20250609,信用卡,,,,永豐,,70C794BFD5624CAC9196D16E34B979CC,0,
1133,TWD,12757,休閒娛樂,旅行遊玩,20250609,信用卡,,,,永豐,,382E73A748DB40B58F9132088FBAE99C,0,
1134,TWD,6733,休閒娛樂,旅行遊玩,20250609,信用卡,,,,永豐,,22300185448848C6A2E87B0230640A53,0,
1135,TWD,10000,餐飲食品,cash,20250612,現金,,,,,,D9D21A1DCDB34FE089D20016F5A604EE,0,
1136,TWD,7178,餐飲食品,食材,20250613,信用卡,,,,富邦,,A781ECCD894644C582198B3B3E07FA51,0,
1137,TWD,1288,醫療保健,健身,20250613,信用卡,,,,永豐,,694D3E639A4745D59A5AAFBCD7C565A4,0,
1138,TWD,510000,居家生活,房地產,20250616,現金,,,,,,9E00CCC3DF93429EAB0B0D642192EFD7,0,
1139,TWD,666,餐飲食品,食材,20250616,信用卡,,,,富邦,,4B00789C0A7349B4932117F89DFDDE0F,0,
1140,TWD,3587,居家生活,電費,20250619,信用卡,,,,玉山,,E3549AD54B2F4E5DAB1C12006B593A80,0,
1141,TWD,1481,圖書刊物,書籍,20250619,信用卡,,,,富邦,,60604FAC033941AB9D2F3DA4BC928BE9,0,
1142,TWD,1503,汽機車,油錢,20250620,信用卡,,,,永豐,,CBD138E8F2634FD49DB659894FF63DE4,0,
1143,TWD,3200,稅務捐款,慈善捐款,20250620,信用卡,,,,,,0AF53675932A4DD3A25D24CC13307535,0,
1144,TWD,1377,餐飲食品,食材,20250621,信用卡,,,,永豐,,B2DF4EA8977249E896AFE4A29BA10298,0,
1145,TWD,5000,餐飲食品,cash,20250626,現金,,,,,,FCD50EB3656D46B3A6D3FF85550AFF10,0,
1146,TWD,2800,餐飲食品,午餐,20250628,信用卡,,,,永豐,,087DF597056545DC957039047696955D,0,
1147,TWD,5913,休閒娛樂,旅行遊玩,20250629,信用卡,,,,永豐,,510F818A56D6411E82ECE1F38B4B77FD,0,
1148,TWD,1412,休閒娛樂,旅行遊玩,20250629,信用卡,,,,永豐,,D5BB67DD8F8C4907B4A0116F8B9770C0,0,
1149,TWD,2244,休閒娛樂,旅行遊玩,20250629,信用卡,,,,永豐,,EB7859164BDE47DD96D7A659A997B99C,0,
1150,TWD,9941,休閒娛樂,旅行遊玩,20250630,信用卡,,,,永豐,,BDA7EE257F2A43528F2AE143AD86EB0C,0,
1151,TWD,1941,休閒娛樂,旅行遊玩,20250630,信用卡,,,,永豐,,654F4E9E2B7B428E8B0ACF55ADFA9218,0,
1152,TWD,5000,休閒娛樂,旅行遊玩,20250630,信用卡,,,,永豐,,F65AA97EAC1642FCAD69099A508A11AB,0,
1153,TWD,2860,休閒娛樂,旅行遊玩,20250701,信用卡,,,,永豐,,CBEDA8F8D5EF4749915357F7BC855BCA,0,
1154,TWD,4175,休閒娛樂,旅行遊玩,20250701,信用卡,,,,永豐,,7A7943C176B347F69A16A86E5D1480B2,0,
1155,TWD,1500,稅務捐款,慈善捐款,20250703,信用卡,,,1|20211003|20260903||2|1,,,e9ec2a398cd94d7cbe88b2298330d995_20250703,,0
1156,TWD,1639,休閒娛樂,旅行遊玩,20250703,信用卡,,,,永豐,,37FAD9BFAB99400AA2D58529ACE093FE,0,
1157,TWD,1912,休閒娛樂,旅行遊玩,20250703,信用卡,,,,永豐,,7107BE35E1E3468B9100831715BAA35B,0,
1158,TWD,2127,休閒娛樂,旅行遊玩,20250703,信用卡,,,,永豐,,9979DE3DCD2741B08990DA6F057704C0,0,
1159,TWD,2026,休閒娛樂,旅行遊玩,20250703,信用卡,,,,富邦,,F5231301F0AF4BDF848419F19D8D76F4,0,
1160,TWD,100000,餐飲食品,Wife,20250703,現金,,,,,,52E53D30A87E4AFD97A71E7A968D7C58,0,
1161,TWD,1372,休閒娛樂,旅行遊玩,20250703,信用卡,,,,永豐,,1F1A094B2CAC400B99930CEEF1D9F7FD,0,
1162,TWD,4090,休閒娛樂,旅行遊玩,20250703,信用卡,,,,永豐,,63FDE5EE2823411CB9919F50E660F094,0,
1163,TWD,3000,休閒娛樂,旅行遊玩,20250704,信用卡,,,,永豐,,EA8344A2A34148A68F184A3B74AA3A41,0,
1164,TWD,6334,休閒娛樂,旅行遊玩,20250704,信用卡,,,,永豐,,0A25C8BB70E14AF6B50E2378583FADFE,0,
1165,TWD,1061,休閒娛樂,旅行遊玩,20250704,信用卡,,,,永豐,,D19E0A504E544459B7D228782A4E0997,0,
1166,TWD,2000,休閒娛樂,旅行遊玩,20250705,信用卡,,,,永豐,,AEC2C94E8A4946A295697E7D9B2F39D5,0,
1167,TWD,10980,汽機車,燃料費,20250710,現金,,,,,,05AED9D201014455B42A7274A835BFBE,0,
1168,TWD,1569,汽機車,油錢,20250713,信用卡,,,,永豐,,900518A6417345AFA82FDBC53BDD6880,0,
1169,TWD,10000,餐飲食品,cash,20250713,現金,,,,,,D2079C472410465DADEBD4BD786C2B20,0,
1170,TWD,1982,餐飲食品,食材,20250713,信用卡,,,,永豐,,785673B82B684A4DB86F17E3E89850FB,0,
1171,TWD,1288,醫療保健,健身,20250713,信用卡,,,,永豐,,9E911BACC21B41E08FA52F89771EEFA3,0,
1172,TWD,1000,餐飲食品,食材,20250715,信用卡,,,,富邦,,572BE7511C8242A2A8F3EFF0D2FAD26E,0,
1173,TWD,2660,居家生活,瓦斯費,20250716,現金,,,,,,265314E8212B4F09BA2821400EAE0821,0,
1174,TWD,12204,居家生活,管理費,20250716,現金,,,,,,82131160136848B28C0DB4A285E12B30,0,
1175,TWD,3200,餐飲食品,Wife,20250718,信用卡,,,,富邦,,82F4B32E22BF40628AC86D78870CC04D,0,
1176,TWD,7910,餐飲食品,食材,20250718,信用卡,,,,富邦,,8F26EB9171884B13953867AA1B41E527,0,
1177,TWD,4138,居家生活,電費,20250721,現金,,,,玉山,,5E6BEBC7E58B423396E283EAD4472A9D,0,
1178,TWD,7989,餐飲食品,食材,20250725,信用卡,,,,富邦,,686ACAE847C848D98810590C5D7C7597,0,
1179,TWD,2296,服飾美容,上衣,20250727,信用卡,,,,富邦,,660A544A77E74F28AEDC98F72456527A,0,
1180,TWD,1039,餐飲食品,食材,20250727,信用卡,,,,富邦,,4399B7B2E7A94399A09DD2C6F9A8190A,0,
1181,TWD,2432,餐飲食品,食材,20250727,信用卡,,,,富邦,,F8B4DB0F12C3467BB580CB9D21A9FD5D,0,
1182,TWD,3000,服飾美容,上衣,20250728,信用卡,,,,富邦,,11EC774493B94225B95A36068AC729B4,0,
1183,TWD,8486,餐飲食品,食材,20250801,信用卡,,,,富邦,,8C27B3E5DCCD4813A138CBF6E9238563,0,
1184,TWD,518,居家生活,水費,20250802,現金,,,,,,DE1DA7CF07F44853AA549C4D9AA24978,0,
1185,TWD,1673,餐飲食品,食材,20250802,信用卡,,,,富邦,,1514A3E68061486FBED5D4F6CAF353B7,0,
1186,TWD,1500,稅務捐款,慈善捐款,20250803,信用卡,,,1|20211003|20260903||2|1,,,e9ec2a398cd94d7cbe88b2298330d995_20250803,,0
1187,TWD,4295,休閒娛樂,旅行遊玩,20250802,信用卡,,,,永豐,,FD31B3902EB2457EBE9D2DC766010142,0,
1188,TWD,8818,休閒娛樂,旅行遊玩,20250803,信用卡,,,,永豐,,67209E805F1045538C44FB0871DA4A4E,0,
1189,TWD,30000,教育學習,補習費,20250806,現金,,,,,,9523F14BF0404B49846C9F5FB54FBD5B,0,
1190,TWD,100000,餐飲食品,Wife,20250806,現金,,,,,,FF8AEB71615B4CB4B8CD990442423669,0,
1191,TWD,2000,餐飲食品,晚餐,20250808,信用卡,,,,富邦,,09AFDDF44CAA4487861FC9937AA96CCC,0,
1192,TWD,1565,汽機車,油錢,20250809,信用卡,,,,永豐,,D9915A9FC8D04E87870274D09DA993D3,0,
1193,TWD,1288,醫療保健,健身,20250814,信用卡,,,,永豐,,E0E5DDFFFC3B4914B6A3B15E9B499801,0,
1194,TWD,8500,醫療保健,身體檢查,20250814,信用卡,,,,富邦,,58A16F61BF984113A2DC7D4BC24D9E85,0,
1195,TWD,15000,醫療保健,身體檢查,20250814,信用卡,,,,富邦,,8CC6C81F9A0D4D54A276333A8EB505DE,0,
1196,TWD,2053,餐飲食品,食材,20250814,信用卡,,,,富邦,,991983F62B1145D59A02FFBDE3BEEAC9,0,
1197,TWD,1440,休閒娛樂,旅行遊玩,20250816,信用卡,,,,富邦,,11AD661A2E0B4D6FAFC0CB29892784A9,0,
1198,TWD,1800,休閒娛樂,旅行遊玩,20250817,信用卡,,,,富邦,,4FB5834A72FA4BCE817C8BED2B73516B,0,
1199,TWD,2934,休閒娛樂,旅行遊玩,20250817,信用卡,,,,富邦,,E671D31E2B694D3FBF763E12B91840E6,0,
1200,TWD,1000,居家生活,家電用品,20250817,信用卡,,,,永豐,,747BE69A4D7F42CAADCC3E98DCFE72D1,0,
1201,TWD,2879,服飾美容,上衣,20250817,信用卡,,,,富邦,,4126E8306A194F4CA5FC39F12EA827A4,0,
1202,TWD,10000,餐飲食品,cash,20250817,現金,,,,,,BA42BCF89FC3410EB478EA301B8C91E0,0,
1203,TWD,3200,稅務捐款,慈善捐款,20250820,信用卡,,,,富邦,,B7D497A97EC34545AC3E892DACF3854C,0,
1204,TWD,4673,居家生活,電費,20250821,現金,,,,,,7C5AC670247349169C98EEECBA4F6E02,0,
1205,TWD,1635,汽機車,油錢,20250822,信用卡,,,,永豐,,DF9D9278F6F54504AC2965152B485148,0,
1206,TWD,11055,汽機車,維修保養,20250823,信用卡,,,,永豐,,7A9FDD443380471182C116D7242B2E27,0,
1207,TWD,2442,餐飲食品,食材,20250823,信用卡,,,,富邦,,A1601AC65DAB4AB593439B6341A011EE,0,
1208,TWD,10000,餐飲食品,cash,20250825,現金,,,,,,26DDA95D936946A0A7CDEF3EE8A0C806,0,
1209,TWD,19216,餐飲食品,晚餐,20250825,信用卡,,,,永豐,,0F73973B429E413184C4D03D037A505A,0,0
1210,TWD,1069,餐飲食品,食材,20250830,信用卡,,,,富邦,,70E7FF5686BB4C2E805256289067F20F,0,
1211,TWD,3209,餐飲食品,食材,20250830,信用卡,,,,永豐,,38AC3F1324C24D938DF6493CAF00DC25,0,
1212,TWD,1027,餐飲食品,食材,20250830,信用卡,,,,富邦,,0A05D4D913044ED0BC32E2CF5D9DCDEB,0,
1213,TWD,1400,餐飲食品,食材,20250901,信用卡,,,,富邦,,1086603C5FAE4BBE954BC1EBA808B738,0,
1214,TWD,1500,稅務捐款,慈善捐款,20250902,信用卡,,,,富邦,,5DEEF5B7B60840F18CC28385B103E57C,0,
1215,TWD,100000,餐飲食品,Wife,20250902,現金,,,,,,B51D49FDB57440C49E2E3883EB9F8198,0,
1216,TWD,1500,稅務捐款,慈善捐款,20250903,信用卡,,,1|20211003|20260903||2|1,,,e9ec2a398cd94d7cbe88b2298330d995_20250903,,0
1217,TWD,610,餐飲食品,食材,20250906,信用卡,,,,富邦,,DC383A2587EB471890DC53F5C68E5741,0,
1218,TWD,25000,教育學習,學雜費,20250907,現金,,,,,,C2EB05D198794465B9A62DFF2A3664C5,0,
1219,TWD,7000,教育學習,學雜費,20250908,現金,,,,,,B52B651EEE9C4E73A0C8EFB9E3608694,0,
1220,TWD,10000,餐飲食品,cash,20250908,現金,,,,,,761340FC65504CD2B3D95574617AB021,0,
1221,TWD,2622,餐飲食品,食材,20250912,信用卡,,,,富邦,,0C42B282A80E4A9B90421B720929E2E4,0,
1222,TWD,1060,圖書刊物,書籍,20250912,信用卡,,,,富邦,,D41A4598B032471DB0C1D82C701D3EC9,0,
1223,TWD,3916,餐飲食品,午餐,20250912,信用卡,,,,永豐,,90CE3CC483F746A39D560691292E5967,0,
1224,TWD,5250,服飾美容,上衣,20250912,信用卡,,,,永豐,,22425A80A89C49829983126F61CBEE0A,0,
1225,TWD,4010,服飾美容,上衣,20250913,信用卡,,,,永豐,,D10E187B3B4B4A3D9243052D88EBE4CC,0,
1226,TWD,4951,餐飲食品,晚餐,20250913,信用卡,,,,永豐,,29EF3C447B8744B0B54C2763351CCC6D,0,
1227,TWD,1288,醫療保健,健身,20250914,信用卡,,,,永豐,,E40490374DAA4D5EBA31A5A37FE8540B,0,
1228,TWD,3222,服飾美容,上衣,20250914,信用卡,,,,永豐,,677841D06FBA4640839954539C4BFEA8,0,
1229,TWD,830,餐飲食品,食材,20250914,信用卡,,,,永豐,,4AFFA3E5DFB54284BA96488387883C06,0,
1230,TWD,3200,稅務捐款,慈善捐款,20250919,信用卡,,,,富邦,,86E8001277724970BE86AC0C8F3873D5,0,
1231,TWD,4562,居家生活,電費,20250919,現金,,,,,,E584873E67ED4DDF9948F4DFCA5B90BF,0,
1232,TWD,1341,餐飲食品,食材,20250920,信用卡,,,,永豐,,BCDDAB3D55A94FACBE7C9C50F40B0BB6,0,
1233,TWD,4131,餐飲食品,食材,20250920,信用卡,,,,富邦,,4B43004FB39940B2BA5151297E2DA4C3,0,
1234,TWD,1496,服飾美容,上衣,20250921,信用卡,,,,永豐,,F31E66D38EEB402C9D16182CC5FB82C5,0,
1235,TWD,3000,餐飲食品,晚餐,20250924,信用卡,,,,永豐,,7A7DD7EE327448B89AF04D9132BF44E5,0,
1236,TWD,16990,服飾美容,上衣,20250928,信用卡,,,,永豐,,942C79CE5E174F82B906E3E816590B09,0,
1237,TWD,2292,餐飲食品,食材,20250928,信用卡,,,,永豐,,3CC29FAF151B4625991983AE25F17126,0,
1238,TWD,1500,稅務捐款,慈善捐款,20251002,信用卡,,,,永豐,,283ED7FF12F2415E98E75C20833802EF,0,
1239,TWD,553,居家生活,水費,20251002,現金,,,,,,383941C23B1E469ABBA99B43179C2801,0,
1240,TWD,1500,稅務捐款,慈善捐款,20251003,信用卡,,,1|20211003|20260903||2|1,,,e9ec2a398cd94d7cbe88b2298330d995_20251003,,0
1241,TWD,100000,餐飲食品,Wife,20251003,現金,,,,,,EE7D0F29E217437DBCD1E07FAF045457,0,
1242,TWD,3723,餐飲食品,食材,20251004,信用卡,,,,富邦,,53CC17E80A884144B6DEC38950748036,0,0
1243,TWD,10000,餐飲食品,cash,20251004,現金,,,,,,126B4FF3BC85433E858B969A7FF7B6E7,0,0
1244,TWD,1857,餐飲食品,食材,20251003,信用卡,,,,永豐,,F5A9C6C310BD40B0A7AF9E2D34ED790B,0,
1245,TWD,44900,居家生活,家電用品,20251005,信用卡,,"IPhone17
",,永豐,,420D044070E945A0B14A9B3FDAC6B3C6,0,0
1246,TWD,13134,餐飲食品,晚餐,20251005,信用卡,,,,永豐,,E0A874AC3AB847649A8B471660E39119,0,
1247,TWD,1136,圖書刊物,書籍,20251006,信用卡,,,,富邦,,90AF6FA50A224A03949C2FB455E56D84,0,
1248,TWD,1000,餐飲食品,cash,20251006,現金,,,,,,7340B681ED7546D2935F5C1BC64D8FD9,0,
1249,TWD,4071,餐飲食品,食材,20251010,信用卡,,,,富邦,,9628C8D259B94623A6115DEB9A54B87D,0,
1250,TWD,1554,餐飲食品,食材,20251011,信用卡,,,,永豐,,3BE1B4D1D5CF4E46BE50059068F5B64E,0,
1251,TWD,12204,居家生活,管理費,20251011,現金,,,,,,C3E349B023014139BA3D9D895F7F616E,0,
1252,TWD,3119,餐飲食品,食材,20251012,信用卡,,,,富邦,,6B8379A811114D898E1687D5BEB75A4B,0,
1253,TWD,6150,居家生活,家電用品,20251012,信用卡,,,,永豐,,AEF18AECEF3C468E8A2AA3E5DCEF4AAE,0,
1254,TWD,1288,醫療保健,健身,20251014,信用卡,,,,永豐,,A6C85EC133EE41E39C04942B2EBB00A8,0,
1255,TWD,500000,醫療保健,保險,20251014,現金,,,,,,7698EC45136441E0837A26CD5EC5F586,0,
1256,TWD,1724,汽機車,油錢,20251015,信用卡,,,,永豐,,2B3035AEDC4545D9AF02CC46834675E3,0,
1257,TWD,4740,居家生活,家電用品,20251018,信用卡,,,,富邦,,F1334A806149404A881BF793FCFFA265,0,
1258,TWD,781,餐飲食品,食材,20251018,信用卡,,,,永豐,,BED4C4D57F0E4A00A9CF88123F51D72C,0,
1259,TWD,3200,稅務捐款,慈善捐款,20251020,信用卡,,,,富邦,,8F2C9ABEF66046AB895CE31AF0AD1401,0,
1260,TWD,1490,餐飲食品,食材,20251023,信用卡,,,,永豐,,A0AE32042F074D8FBF1A2573F23230EC,0,0
1261,TWD,10764,餐飲食品,食材,20251025,信用卡,,,,富邦,,D80F24957B014FB99BBBE5C7EAA46BA2,0,
1262,TWD,1675,餐飲食品,食材,20251101,信用卡,,,,富邦,,34D52391FF344A52B8E0CFD500C62D7B,0,
1263,TWD,2449,餐飲食品,食材,20251101,信用卡,,,,永豐,,1FB6555A85BD4814B09DEF7A720A2694,0,
1264,TWD,2700,餐飲食品,晚餐,20251101,信用卡,,,,永豐,,B44E34DDB73B4F5ABBE307928C45FBE0,0,
1265,TWD,1500,稅務捐款,慈善捐款,20251101,信用卡,,,,永豐,,557F2BE626884D5CAF46458A1BC457F9,0,
1266,TWD,2778,餐飲食品,晚餐,20251101,信用卡,,,,永豐,,D5CD9477E84B4549AE9B51AD7CE6505B,0,
1267,TWD,6025,餐飲食品,食材,20251102,信用卡,,,,富邦,,7C3B561EABC7484E9C3F8B5E291ECA95,0,
1268,TWD,1500,稅務捐款,慈善捐款,20251103,信用卡,,,1|20211003|20260903||2|1,,,e9ec2a398cd94d7cbe88b2298330d995_20251103,,0
1269,TWD,100000,餐飲食品,Wife,20251105,現金,,,,,,7D5B4012CE2A483D8119D4B6963A68EC,0,
1270,TWD,1200,餐飲食品,食材,20251106,信用卡,,,,永豐,,E069809DC7D04F03AE8709F8DC0A4C45,0,
1271,TWD,10000,餐飲食品,cash,20251108,現金,,,,,,9298A30035664559A9FE837A6775CC46,0,
1272,TWD,3200,餐飲食品,晚餐,20251108,信用卡,,,,永豐,,E269D7F2690B4F9B9718239D9B9D89FF,0,
1273,TWD,3606,餐飲食品,食材,20251108,信用卡,,,,富邦,,B18E7DD11B7A45DDB16D11FFFD576D7B,0,
1274,TWD,660,餐飲食品,食材,20251110,信用卡,,,,富邦,,1ECDD4FCA0214BC0AB60897C74AC02F9,0,
1275,TWD,1785,餐飲食品,食材,20251110,信用卡,,,,永豐,,58D1AE49681648FD80444298B49E57A7,0,
1276,TWD,24000,醫療保健,保險,20251110,信用卡,,,,富邦,,E7572DEC66CC4CA4801454E602444680,0,
1277,TWD,10000,餐飲食品,cash,20251112,現金,,,,,,A2C9105DA89B402E8E8B56AB0AE615D2,0,
1278,TWD,1288,醫療保健,健身,20251112,信用卡,,,,永豐,,35E7C592F9EE42668A8D745BFFCC9FA6,0,
1279,TWD,4588,餐飲食品,食材,20251115,信用卡,,,,富邦,,A7B9964AD78E4E439ED6CD6E8AEDE762,0,
1280,TWD,5000,餐飲食品,cash,20251115,現金,,,,,,5B369E4868024D7AAF27BDAE69F40798,0,
1281,TWD,3732,餐飲食品,晚餐,20251115,信用卡,,,,永豐,,E162D50472F84BFFB96D4266B44CD0A2,0,
1282,TWD,875,餐飲食品,食材,20251116,信用卡,,,,永豐,,9D0BBFE81EA942CCBE9736F51F68F368,0,
1283,TWD,1530,餐飲食品,食材,20251116,信用卡,,,,永豐,,08010A6D9AA146AF968385507F8C58B5,0,
1284,TWD,23000,居家生活,家電用品,20251117,現金,,,,,,49FB419A349947DE9EA3F0B460294694,0,
1285,TWD,17000,餐飲食品,cash,20251117,現金,,,,,,FD48BEE1D00E410490E830216F436971,0,
1286,TWD,1088,醫療保健,健身,20251118,信用卡,,,,永豐,,6D030F6A2B374CBABC7258D8C04D5C44,0,
1287,TWD,3200,稅務捐款,慈善捐款,20251120,信用卡,,,,富邦,,D398651975BE4D8CBF09356CFF2E387D,0,
1288,TWD,6993,餐飲食品,食材,20251122,信用卡,,,,富邦,,7C710DD93DC7433A9C1741107C665087,0,
1289,TWD,2992,餐飲食品,晚餐,20251122,信用卡,,,,永豐,,6B90178DF23D468586BECF0F264B1791,0,
1290,TWD,3618,居家生活,電費,20251123,現金,,,,,,4D25649205AA441CB5EFD662DA0D3596,0,
1291,TWD,1649,汽機車,油錢,20251123,信用卡,,,,永豐,,98E0945D14ED4084B6FD48100128A087,0,
1292,TWD,10000,服飾美容,上衣,20251129,信用卡,,,,永豐,,B1C8E241FCAC4627A4388BF91164E4E7,0,
1293,TWD,5933,服飾美容,上衣,20251129,信用卡,,,,永豐,,AE9694888B4C42AFA2E84552D00119CB,0,
1294,TWD,6020,服飾美容,上衣,20251129,信用卡,,,,永豐,,A7B0BC270A5046B8AA8CD46D522C5A6D,0,
1295,TWD,4899,服飾美容,上衣,20251129,信用卡,,,,永豐,,B9366DF308494978A2FBA83D9B53D197,0,
1296,TWD,4993,服飾美容,上衣,20251129,信用卡,,,,永豐,,6289341C358B406BBB7D01860CB94DAC,0,
1297,TWD,1370,汽機車,油錢,20251129,信用卡,,,,永豐,,71519F9049724845B4CB6E1141280329,0,
1298,TWD,435,餐飲食品,食材,20251130,信用卡,,,,富邦,,2928851C16664EFD848414C81FA1FE62,0,
1299,TWD,700,餐飲食品,食材,20251201,信用卡,,,,富邦,,CC9D5C4A0B194BB3B2294572ED2D564C,0,
1300,TWD,553,居家生活,水費,20251201,現金,,,,,,37028948AC4B4A6BA39231902704F47B,0,
1301,TWD,1500,餐飲食品,Wife,20251201,信用卡,,,,永豐,,90C70B61C83C46488EAA2D9A453766CC,0,
1302,TWD,1500,稅務捐款,慈善捐款,20251203,信用卡,,,1|20211003|20260903||2|1,,,e9ec2a398cd94d7cbe88b2298330d995_20251203,,0
1303,TWD,700,餐飲食品,食材,20251203,信用卡,,,,富邦,,D6DEE6756FD743D1B4F0A6067BEBF1C3,0,
1304,TWD,100000,餐飲食品,Wife,20251204,現金,,,,,,43121FA0595F46D2995D3D43B65BFF65,0,
1305,TWD,1110,餐飲食品,食材,20251205,信用卡,,,,永豐,,60B5E992F93A4452A6B34B07F946A939,0,
1306,TWD,7500,餐飲食品,食材,20251211,現金,,,,,,FD23EC6DC48044DDA0741DE6423C3C31,0,
1307,TWD,5632,餐飲食品,食材,20251213,信用卡,,,,富邦,,1E3033FE20CD4FD4AA13F1A3C113DFF2,0,
1308,TWD,11642,餐飲食品,晚餐,20251213,信用卡,,,,永豐,,DE2D6D6BE2364C5FB6BDA7DAA666E81C,0,
1309,TWD,1288,醫療保健,健身,20251214,信用卡,,,,永豐,,0EA0597B57E14CF3AAAFDA6F4D4D3310,0,
1310,TWD,100000,教育學習,補習費,20251214,現金,,,,,,2D7012CADC664264982517C3CE5B1F78,0,
1311,TWD,14900,居家生活,家電用品,20251215,信用卡,,,,永豐,,CDE2B5A619134B41AEA0B372F6E844E3,0,
1312,TWD,3300,3C通訊,電腦商品,20251215,信用卡,,,,富邦,,6671FBE65E2648E3A4AA6EAE70C80629,0,
1313,TWD,3200,稅務捐款,慈善捐款,20251218,信用卡,,,,富邦,,C51E83C65B104CFF8C1A865EBC07F5F0,0,
1314,TWD,10000,餐飲食品,cash,20251218,現金,,,,,,A0704173E98A456B8CD4768E1CBA2D94,0,
1315,TWD,1658,汽機車,油錢,20251219,信用卡,,,,永豐,,6F175DB280D8491DACDD73125D778BCE,0,
1316,TWD,2802,餐飲食品,晚餐,20251219,信用卡,,,,永豐,,6DC62786A4A04EB8BB70646B71690B26,0,
1317,TWD,1509,餐飲食品,食材,20251220,信用卡,,,,永豐,,7E2A023834FB4AA5A79434E3F8CA1143,0,
1318,TWD,3071,居家生活,電費,20251222,現金,,,,,,0DED5BFB2D4A4258A71529F24D4FEBB0,0,
1319,TWD,19200,醫療保健,健身,20251223,信用卡,,,,永豐,,D398D87ED92C4EF0BFC4C32B6AED4DFB,0,
1320,TWD,20000,餐飲食品,cash,20251224,現金,,,,,,093412B321D945AB82E8BB6FEDECC081,0,
1321,TWD,10475,餐飲食品,食材,20251224,信用卡,,,,富邦,,9846546FAFB242A597FCA5C510C4F1EE,0,
1322,TWD,3212,餐飲食品,食材,20251225,信用卡,,,,永豐,,B48DE4419FA04F3AB906AAB937391ACF,0,
1323,TWD,1200,居家生活,網路費,20251226,現金,,,,,,7F644F3BF8624D6CA48786A65A8D0ABA,0,
1324,TWD,6751,餐飲食品,食材,20251231,信用卡,,,,富邦,,F7884AF4568643918E7FC07A47C854F7,0,
1325,TWD,6620,餐飲食品,午餐,20260101,現金,,,,,,4E5CB98A31EF4C63909679C57B707B7B,0,
1326,TWD,6500,3C通訊,電話費,20260101,信用卡,,,,永豐,,EDB6FEFECCD347F6B52B5E4B5D1E9E09,0,
1327,TWD,1500,稅務捐款,慈善捐款,20260101,信用卡,,,,永豐,,013A8E8D535D449884222B542AC6CF6E,0,
1328,TWD,1500,稅務捐款,慈善捐款,20260103,信用卡,,,1|20211003|20260903||2|1,,,e9ec2a398cd94d7cbe88b2298330d995_20260103,,0
1329,TWD,2128,餐飲食品,食材,20260103,信用卡,,,,永豐,,F21B4B6D977F4B8AAD7C7AD90ECF4E61,0,
1330,TWD,20000,居家生活,家電用品,20260103,現金,,,,,,D6B18F8612444496B3F755E95179D03D,0,
1331,TWD,100000,餐飲食品,Wife,20260105,現金,,,,,,9593C1DE321F4E18AC336DDE30238FE4,0,
1332,TWD,910,餐飲食品,食材,20260105,信用卡,,,,富邦,,86694ED0F7E544AFA386ABBD6927940C,0,
1333,TWD,12204,居家生活,管理費,20260105,現金,,,,,,9A2BD68118F04A1991F75E09CBCBB485,0,
1334,TWD,1678,汽機車,油錢,20260106,信用卡,,,,永豐,,A6B5643694334FFC96CF163E69227CD9,0,
1335,TWD,1036,圖書刊物,書籍,20260107,信用卡,,,,富邦,,750C8DC7DF3345A9913C609F842AA9A8,0,
1336,TWD,6178,餐飲食品,晚餐,20260107,信用卡,,,,永豐,,0F40D186A13B4F99BF4AECD76F5EC605,0,
1337,TWD,928,居家生活,家電用品,20260110,信用卡,,,,富邦,,4DD1D52DE2E649F494B61570F104CE83,0,
1338,TWD,10000,餐飲食品,cash,20260117,現金,,,,,,166D030BD3AC41829EC8E6E505293616,0,
1339,TWD,6590,餐飲食品,食材,20260117,信用卡,,,,富邦,,14C07A2F51394F09AF582948BCBD3447,0,
1340,TWD,2444,餐飲食品,食材,20260117,信用卡,,,,永豐,,74CD8954A8254D098FCD464F075E8FFB,0,
1341,TWD,3200,稅務捐款,慈善捐款,20260119,信用卡,,,,富邦,,1778FC9894EB4653A56752A0E35EF134,0,
1342,TWD,3195,居家生活,電費,20260119,現金,,,,,,98CF57A524914B46A63D003EAE07DC40,0,
1343,TWD,16800,醫療保健,健身,20260119,信用卡,,,,永豐,,27F088547EBF4FC4A38F2DF426D3F520,0,
1344,TWD,8110,服飾美容,上衣,20260124,信用卡,,,,永豐,,60E84417F4644943837B19AABCCA596E,0,
1345,TWD,1514,服飾美容,上衣,20260124,信用卡,,,,永豐,,ABE5A1561687487A8050216D134DFF41,0,
1346,TWD,1329,服飾美容,上衣,20260125,信用卡,,,,永豐,,C81B639142934813939BA45C98199194,0,
1347,TWD,7699,圖書刊物,書籍,20260125,信用卡,,,,富邦,,6636AF2455E547EAAB27E2A368B5A4D5,0,
1348,TWD,1569,汽機車,油錢,20260127,信用卡,,,,永豐,,629D5D647D7E4627A43FE6AF96165100,0,
1349,TWD,9393,餐飲食品,食材,20260129,信用卡,,,,富邦,,1BC5E321C68F4967884C7A0283AA31EE,0,
1350,TWD,3256,餐飲食品,晚餐,20260131,信用卡,,,,永豐,,FD71F7C95A2F44CBBA1D07255CD64B7A,0,
1351,TWD,1097,服飾美容,上衣,20260131,信用卡,,,,永豐,,9A6CBC7F5E1D4397A3D33B2EA691E03C,0,
1352,TWD,10000,餐飲食品,cash,20260201,現金,,,,,,887768426ED44A9DAA5638FA5DAA5A6A,0,
1353,TWD,1500,稅務捐款,慈善捐款,20260201,信用卡,,,,永豐,,EA766DF553D94DDB8C725BAC18D87B4A,0,
1354,TWD,1500,稅務捐款,慈善捐款,20260203,信用卡,,,1|20211003|20260903||2|1,,,e9ec2a398cd94d7cbe88b2298330d995_20260203,,0
1355,TWD,10740,餐飲食品,食材,20260206,信用卡,,,,永豐,,0FE900889D0543B1830D377AF513C3D1,0,
1356,TWD,1869,餐飲食品,食材,20260207,信用卡,,,,永豐,,06908FB33B3F4678A2ABEC633F398CA9,0,
1357,TWD,1148,餐飲食品,食材,20260207,信用卡,,,,永豐,,049330C994C0440BAEF058FF4F5A7CB1,0,
1358,TWD,2200,餐飲食品,食材,20260208,信用卡,,,,永豐,,BDD14FBB05364A0D8F95F01B7B7B2B85,0,
1359,TWD,168888,餐飲食品,Wife,20260208,現金,,,,,,416CFB0A5FA9404990DD77E1BCD3E076,0,0
1360,TWD,120000,餐飲食品,cash,20260208,現金,,,,,,1C1938021BA844B2AA0FAABA5398ECFC,0,
1361,TWD,3200,稅務捐款,慈善捐款,20260212,信用卡,,,,,,D29935C14E1B41FD917C7C3C66288755,0,
1362,TWD,1088,醫療保健,健身,20260214,信用卡,,,,永豐,,88D18DB5B775438C9B8EE063F81A8E7D,0,
1363,TWD,10000,餐飲食品,cash,20260214,現金,,,,,,E369F33C37CC47C6BAAFDEADC3BB2CF1,0,
1364,TWD,120000,稅務捐款,慈善捐款,20260215,信用卡,,,,永豐,,95397205BD4C41058248650DB3FC1082,0,
1365,TWD,5000,餐飲食品,午餐,20260215,信用卡,,,,永豐,,1316149C4D0B470B98364CDA9C4B3E56,0,
1366,TWD,11730,餐飲食品,食材,20260215,信用卡,,,,永豐,,9CB65B650258487A9A28FA275B1E5F33,0,
1367,TWD,3057,餐飲食品,晚餐,20260215,信用卡,,,,永豐,,E8F47C5B306749828BF909C0C3389DF4,0,
1368,TWD,13500,居家生活,家電用品,20260215,信用卡,,,,永豐,,0E499DFC21074E6DBB7F23FAA716903D,0,
1369,TWD,1454,餐飲食品,食材,20260215,信用卡,,,,永豐,,ED9BAB678EDF4F6B8F94DEBFDC4B22E6,0,
1370,TWD,5551,餐飲食品,食材,20260220,信用卡,,,,富邦,,228C08704F3040C3940C3ED1DED34181,0,
1371,TWD,1551,餐飲食品,食材,20260221,信用卡,,,,永豐,,20E149CB63344C2F91A2591451155FD4,0,
1372,TWD,1720,汽機車,油錢,20260221,信用卡,,,,永豐,,5DC2992B99F34AE5BB7CB514C4AD5198,0,
1373,TWD,7200,醫療保健,健身,20260223,信用卡,,,,永豐,,825ED6B423CE458F82D98D6F25237F2C,0,
1374,TWD,2631,居家生活,電費,20260224,現金,,,,,,EB76D948FB5A4AACA62BF48A70EB36FF,0,
1375,TWD,10000,教育學習,學雜費,20260225,現金,,,,,,B9398DA411D447E78FEC1026C1F9E0FA,0,
1376,TWD,1364,圖書刊物,書籍,20260226,信用卡,,,,富邦,,ABE4A21D4537497DB6DC2739462CF28C,0,
1377,TWD,3373,餐飲食品,食材,20260227,信用卡,,,,富邦,,536FBDDDF0F74C23824CF700124B1869,0,
1378,TWD,2202,餐飲食品,食材,20260301,信用卡,,,,永豐,,F0B20DBAA7924ED0B30F1F75C28F9BD9,0,
1379,TWD,1502,餐飲食品,食材,20260301,信用卡,,,,永豐,,DE4CE909AE7342C88305AB8FBE2ED95C,0,
1380,TWD,1500,稅務捐款,慈善捐款,20260302,信用卡,,,,永豐,,F261C0479B204B9E888779C67A1E67DB,0,
1381,TWD,5000,教育學習,學雜費,20260302,現金,,,,,,8739D720756345DD8E4A8476842A91A6,0,
1382,TWD,5000,餐飲食品,cash,20260302,現金,,,,,,CB5E5F272A7445EA991DA5F7B1CFF96A,0,
1383,TWD,100000,餐飲食品,Wife,20260302,現金,,,,,,1BC0640FC7CB4FFDB85B73E0291074EC,0,
1384,TWD,1500,稅務捐款,慈善捐款,20260303,信用卡,,,1|20211003|20260903||2|1,,,e9ec2a398cd94d7cbe88b2298330d995_20260303,,0
1385,TWD,1037,餐飲食品,食材,20260305,信用卡,,,,永豐,,794A652D23AA4BFB8796F2E886E411A4,0,
1386,TWD,8501,餐飲食品,晚餐,20260307,信用卡,,,,永豐,,5C10B0EFF3D94B7998BBA72312071C26,0,
1387,TWD,3990,服飾美容,上衣,20260307,信用卡,,,,永豐,,2A47B0AD804740548207DD4FDAFFC45B,0,
1388,TWD,7191,餐飲食品,食材,20260308,信用卡,,,,富邦,,3A26B51F5C86499388BA9DB2B66813F7,0,
1389,TWD,1472,餐飲食品,食材,20260308,信用卡,,,,永豐,,6695088D755F4907960A3EAE7BECB4E6,0,
1390,TWD,10000,餐飲食品,cash,20260314,現金,,,,,,67AAE22071174AD19D86187D02E98EA0,0,
1391,TWD,1377,汽機車,油錢,20260214,信用卡,,,,永豐,,42A3F54188F84D02870F901509FFD905,0,
1392,TWD,3200,稅務捐款,慈善捐款,20260320,信用卡,,,,富邦,,199FE647AD5C47218D365EAD42F99141,0,
1393,TWD,1704,餐飲食品,食材,20260321,信用卡,,,,永豐,,397060A981694C7191D22F0A896AA96F,0,
1394,TWD,6054,餐飲食品,晚餐,20260321,信用卡,,,,永豐,,9267083C05664215B4DB9E12ABB70D0B,0,
1395,TWD,63003,休閒娛樂,旅行遊玩,20260327,信用卡,,,,永豐,,29C8CB6BE74A4877BF959A28DD37D8FC,0,
1396,TWD,14700,休閒娛樂,旅行遊玩,20260328,信用卡,,,,永豐,,820A7D279E1B413F936E300D69013D86,0,
1397,TWD,2200,餐飲食品,食材,20260328,信用卡,,,,永豐,,6BF892C963F545929ACF09079BDDD21A,0,
1398,TWD,9063,餐飲食品,食材,20260329,信用卡,,,,富邦,,3D48FEAEDA84479B9803CF44746B200F,0,
1399,TWD,770,餐飲食品,食材,20260401,信用卡,,,,富邦,,E64685F28EE642A6BB080305E566EB82,0,
1400,TWD,100000,餐飲食品,Wife,20260401,現金,,,,,,B127ED0FF96040CA9E40BF189557EB2C,0,
1401,TWD,270000,居家生活,房地產,20260401,現金,,,,,,5CFEE5EBA933400284EF8956135C8827,0,
1402,TWD,1500,稅務捐款,慈善捐款,20260402,信用卡,,,,永豐,,4091235E01E84C5997D5CA9F7750656A,0,
1403,TWD,1500,稅務捐款,慈善捐款,20260403,信用卡,,,1|20211003|20260903||2|1,,,e9ec2a398cd94d7cbe88b2298330d995_20260403,,0
1404,TWD,12204,居家生活,管理費,20260407,現金,,,,,,D6E61CF7B3214D849E90D6E08535DA36,0,
1405,TWD,2934,居家生活,電費,20260408,現金,,,,,,A537DA5333BD436EAABF8E0F0B6D9E4E,0,
1406,TWD,1932,汽機車,油錢,20260408,信用卡,,,,永豐,,CBDBF00068CD4D22B4216E6865C51A89,0,
1407,TWD,1886,服飾美容,上衣,20260411,信用卡,,,,永豐,,02CB97E8B0424435A1918B99F53CD9BA,0,
1408,TWD,20000,餐飲食品,cash,20260411,現金,,,,,,076EEF6AB68140C8BEE86C79211AC543,0,
1409,TWD,3327,餐飲食品,晚餐,20260411,信用卡,,,,富邦,,79A75C61572347CB896AB3D617D96366,0,
1410,TWD,1088,醫療保健,健身,20260414,信用卡,,,,永豐,,55495D640D834255A748BF71D49F96BA,0,
1411,TWD,886,圖書刊物,書籍,20260414,信用卡,,,,富邦,,0FBF42DBA1B84DC1A60950FB63029ADE,0,
1412,TWD,1717,居家生活,家電用品,20260415,信用卡,,,,永豐,,2750534F91A741EDB3444AFEFE2DAFBF,0,
1413,TWD,1423,餐飲食品,食材,20260419,信用卡,,,,永豐,,FB00390D19A24A0888BEFE4D1B40A934,0,
1414,TWD,2088,居家生活,家電用品,20260420,信用卡,,,,富邦,,78403BAB15A74F0A8CF814F3AB565B39,0,
1415,TWD,2078,汽機車,油錢,20260421,信用卡,,,,永豐,,810F9B09FA69401EB8F320EBD7BF3F7C,0,
1416,TWD,3200,稅務捐款,慈善捐款,20260421,信用卡,,,,富邦,,6F153B9AC18B4B418C6C7D84CD3898A1,0,
1417,TWD,3159,居家生活,電費,20260422,現金,,,,,,ED4972C4CD0047F5BA0CB130E6503F78,0,
1418,TWD,8340,餐飲食品,晚餐,20260426,信用卡,,,,富邦,,C543B93F40AC410188B9B5B632AEB014,0,
1419,TWD,3800,餐飲食品,食材,20260426,信用卡,,,,富邦,,DBA93F5BAF3841AD9D62D1F65FC6AD06,0,
1420,TWD,2560,餐飲食品,食材,20260426,信用卡,,,,永豐,,9CBA89B817F842B6B912B6CFA3FE39A9,0,
1421,TWD,3704,服飾美容,上衣,20260428,信用卡,,,,永豐,,07C3D4D8D2294EF9877132BADC24E089,0,
1422,TWD,3278,餐飲食品,晚餐,20260430,信用卡,,,,富邦,,89682DD14534443C991A40E3839CF789,0,
1423,TWD,10000,餐飲食品,cash,20260430,現金,,,,,,A30AB37E60254048986D7D51AA3EB566,0,
1424,TWD,1500,稅務捐款,慈善捐款,20260501,信用卡,,,,永豐,,CCD174E4B9894E8C9969969A9E9B7EEC,0,
1425,TWD,1746,餐飲食品,食材,20260502,信用卡,,,,永豐,,CB4BBA78A9794430BD3F892BAD65ECCC,0,
1426,TWD,1500,稅務捐款,慈善捐款,20260503,信用卡,,,1|20211003|20260903||2|1,,,e9ec2a398cd94d7cbe88b2298330d995_20260503,,0
1427,TWD,1334,餐飲食品,食材,20260503,信用卡,,,,永豐,,11B9D6E54D9F416D9D3284A4E0DF8ED5,0,
1428,TWD,100000,餐飲食品,Wife,20260504,現金,,,,,,7FE2331DCD744F99BB3EDE645C6A10CA,0,
1429,TWD,36266,居家生活,房屋稅,20260505,信用卡,,,,永豐,,62EEF891F5C5422899B7B86CFF8FD660,0,
1430,TWD,1500,餐飲食品,食材,20260509,信用卡,,,,永豐,,E49B403BA51C4EC2A90C4E94406E187C,0,
1431,TWD,2000,餐飲食品,食材,20260510,信用卡,,,,富邦,,4EF159689154405C8BA3CF4955897137,0,
1432,TWD,6500,醫療保健,身體檢查,20260511,信用卡,,,,永豐,,52EE6CC6AC764EAE8116A8EECA45A3AA,0,
1433,TWD,6277,居家生活,家電用品,20260512,信用卡,,,,永豐,,6C6B95C7568740B8A36D16614011E74B,0,
1434,TWD,1271,圖書刊物,書籍,20260513,信用卡,,,,富邦,,DA269B6517064AFEA88C36D661E3B5FC,0,
1435,TWD,1088,醫療保健,健身,20260513,信用卡,,,,永豐,,2CD9879F3F304A8F9F3F9AC970AF37C0,0,
1436,TWD,44000,醫療保健,保險,20260513,信用卡,,,,富邦,,599E2A2487A7495AB92EABAE183BF45A,0,
1437,TWD,2127,汽機車,油錢,20260516,信用卡,,,,永豐,,67BFD55CE1824B61A62DBD19F3604862,0,
1438,TWD,10000,餐飲食品,cash,20260516,現金,,,,,,827C0C6B3821478BB5641CC6B3B2A249,0,
1439,TWD,12034,餐飲食品,晚餐,20260517,信用卡,,,,永豐,,57498A1006164782B418DE2A2A12D331,0,
1440,TWD,48000,醫療保健,保險,20260518,信用卡,,,,富邦,,C26747185854468EA586E394660B2323,0,
1441,TWD,2926,休閒娛樂,旅行遊玩,20260520,信用卡,,,,永豐,,6B9416583DDD46F0B7679DC5E5724005,0,
1442,TWD,44103,休閒娛樂,旅行遊玩,20260520,信用卡,,,,永豐,,1DBDC75F663B4DCC8B5BBB3B8A72F868,0,
1443,TWD,3495,居家生活,電費,20260520,現金,,,,,,316666B8169C40A0BA0D037F0F03A21D,0,
1444,TWD,2280,休閒娛樂,旅行遊玩,20260521,信用卡,,,,永豐,,12CDC5EFCD0F42A98B44B3988C6002FC,0,
1445,TWD,1400,休閒娛樂,旅行遊玩,20260522,信用卡,,,,永豐,,167EA74D92D644D08373B907FB692C8A,0,
1446,TWD,1980,休閒娛樂,旅行遊玩,20260522,信用卡,,,,永豐,,AD4EE9A96AE647BCB9E2A192C63D2775,0,
1447,TWD,20000,休閒娛樂,旅行遊玩,20260523,信用卡,,,,永豐,,B90B2C99942341FD943E26E14CC41256,0,
1448,TWD,2978,餐飲食品,晚餐,20260523,信用卡,,,,永豐,,E2F16D9E1442471B93A212B2EC46EFD7,0,
1449,TWD,1583,餐飲食品,食材,20260523,信用卡,,,,富邦,,3981EAAB6BE141F6AC3D69E4C71BAC70,0,
1450,TWD,2180,汽機車,油錢,20260527,信用卡,,,,永豐,,44682A4D68F64D3BAB536F646324B445,0,
1451,TWD,1217,餐飲食品,食材,20260531,信用卡,,,,永豐,,63C13350DBC34D69A4964B50AF474AFF,0,
1452,TWD,1500,稅務捐款,慈善捐款,20260602,信用卡,,,,永豐,,D5F132567CBB4BFBBA92D0B513E8CA6B,0,
1453,TWD,100000,餐飲食品,Wife,20260602,現金,,,,,,3C460EA7E5B849E690709ACDEE1B5539,0,
1454,TWD,1500,稅務捐款,慈善捐款,20260603,信用卡,,,1|20211003|20260903||2|1,,,e9ec2a398cd94d7cbe88b2298330d995_20260603,,0
1455,TWD,3428,餐飲食品,晚餐,20260604,信用卡,,,,永豐,,90D4EF783D554E85A6B6CB87CFD930CF,0,
1456,TWD,1042,餐飲食品,食材,20260606,信用卡,,,,永豐,,ABB269BECBF448B9A2AF1681B4DA3442,0,
1457,TWD,7291,餐飲食品,食材,20260608,信用卡,,,,富邦,,A4FEF3C440E64870AE36F9FE35B1391C,0,
1458,TWD,40000,居家生活,家電用品,20260610,現金,,,,永豐,,CF642E23B5BC47EEA0771E3F64A9CDED,0,
1459,TWD,30161,汽機車,保險與稅捐,20260610,信用卡,,,,富邦,,5FDB9B4A5FFF4EAEBA15FA5E03B47B4D,0,
1460,TWD,1803,汽機車,油錢,20260610,信用卡,,,,永豐,,C1F9128B47AB41F3853B633114EB9715,0,
1461,TWD,92090,休閒娛樂,旅行遊玩,20260612,信用卡,,,,永豐,,34025CB4F3AA4757995129CDE660633E,0,
1462,TWD,7715,休閒娛樂,旅行遊玩,20260612,信用卡,,,,永豐,,E12CB6708FCC4E4598E9508FEB0C8BA2,0,
1463,TWD,1026,餐飲食品,食材,20260613,信用卡,,,,永豐,,046AFFD202524FFA9D2DE5E63833A4AB,0,
1464,TWD,1088,醫療保健,健身,20260614,信用卡,,,,永豐,,C449A0A897DF42F3A6E8EFDBC70243ED,0,
1465,TWD,2754,餐飲食品,食材,20260614,信用卡,,,,永豐,,26AA8AEF00B74F6EA2D647B83968D436,0,
1467,TWD,16800,休閒娛樂,旅行遊玩,20260617,信用卡,,,,永豐,,006E4B81A171432C98657566F5684063,0,
1468,TWD,50000,餐飲食品,Wife,20260617,現金,,,,,,9233A65BAB2E48BBA3E47F2D1B53A3A6,0,
1469,TWD,3200,稅務捐款,慈善捐款,20260618,信用卡,,,,,,9BDD08C8B664497687CCD08B5E03E523,0,
1470,TWD,2250,圖書刊物,書籍,20260618,信用卡,,,,富邦,,C759BFB9DFD343D2A599A0C77D7546AE,0,
1471,TWD,19082,餐飲食品,食材,20260619,信用卡,,,,富邦,,B833D5A8E7D1422B80A5BBDD426EBE7D,0,
1472,TWD,10000,餐飲食品,cash,20260619,現金,,,,,,507F5D8EAF41465D943978333C79551E,0,
1473,TWD,998,餐飲食品,cash,20260619,現金,,,,,,EDA5623CA668442CA3D624F25DB8B1EB,0,
1474,TWD,1597,餐飲食品,食材,20260621,信用卡,,,,永豐,,192130B4B4E149FBAC5E1BCD2B2D54FF,0,
1475,TWD,3492,服飾美容,上衣,20260621,信用卡,,,,富邦,,53F78FB6FEBA40668C4C7B8B8D4F686C,0,
1476,TWD,3591,居家生活,電費,20260622,現金,,,,,,A073927ADAAB481ABB79EB4F349E462F,0,
1477,TWD,1736,餐飲食品,食材,20260627,信用卡,,,,永豐,,6CDC357734534DBDA21D4F9DD9475867,0,
1478,TWD,1668,餐飲食品,食材,20260627,信用卡,,,,永豐,,EB8D28468D394096B5131CD7C7D2C13D,0,
1479,TWD,1088,餐飲食品,食材,20260627,信用卡,,,,永豐,,99E97A230AAC4EA2978E6C93586B7094,0,
1480,TWD,2101,餐飲食品,食材,20260628,信用卡,,,,富邦,,FAD1A3D00C6443F48196375F5948EBA6,0,
1481,TWD,2913,居家生活,瓦斯費,20260628,現金,,,,,,5466106C06E4419EB6CF6EE82CCCFBFB,0,
1482,TWD,1384,汽機車,油錢,20260630,信用卡,,,,永豐,,6ACA995196FC4A5899692B1B0DF38DC6,0,
1483,TWD,5520,休閒娛樂,旅行遊玩,20260630,信用卡,,,,富邦,,90E44B3DE27E406D8A3019470128308C,0,
1484,TWD,29094,休閒娛樂,旅行遊玩,20260701,信用卡,,,,永豐,,6F7EBFAC2EEE4193A0C0359382F0D04F,0,
1485,TWD,1400,餐飲食品,食材,20260701,信用卡,,,,富邦,,156A2CD7D97A411AA2DEF3DA55755404,0,
1486,TWD,6025,休閒娛樂,旅行遊玩,20260701,信用卡,,,,富邦,,2466AAB3395246219FC8AF90B65445A5,0,
1487,TWD,1500,稅務捐款,慈善捐款,20260702,信用卡,,,,永豐,,EC30F41575794272B2A86EB397FCCE54,0,
1488,TWD,100000,餐飲食品,Wife,20260702,現金,,,,,,7C7EF7005193458E9AD62972174A0D62,0,
1489,TWD,1500,稅務捐款,慈善捐款,20260703,信用卡,,,1|20211003|20260903||2|1,,,e9ec2a398cd94d7cbe88b2298330d995_20260703,,0
1490,TWD,1751,餐飲食品,食材,20260703,信用卡,,,,富邦,,EDA02DCA8579462385C1C064EA245DE2,0,
1491,TWD,1000000,稅務捐款,綜所稅,20260603,信用卡,,,,玉山,,5D719C2AEC9A40A4B4D8015AD4B04BD8,0,
1492,TWD,3255,休閒娛樂,旅行遊玩,20260704,信用卡,,,,富邦,,C2B7DA320B5C4A7F96F764247D3AF5D1,0,
1493,TWD,10000,餐飲食品,cash,20260704,現金,,,,,,FE43FB3A7B5F4878AC893965E8288300,0,
1494,TWD,1692,餐飲食品,食材,20260704,信用卡,,,,永豐,,7A256D910B214ED7A7B3EF066AE538DA,0,
1495,TWD,4296,餐飲食品,晚餐,20260705,信用卡,,,,永豐,,9139239F76064569BBE3B7969D3A4B0C,0,
1496,TWD,12500,居家生活,房地產,20260706,現金,,,,,,CCA04BDD403A4EB0B5CB3A7D5CA1804E,0,
1497,TWD,30859,餐飲食品,食材,20260709,信用卡,,,,富邦,,ED8A99F4EA7E46CBA7799ACA829FFAC9,0,
1498,TWD,10000,餐飲食品,cash,20260710,現金,,,,,,20F765F7479A472DB8971AFEC69F8365,0,
1499,TWD,5564,居家生活,家電用品,20260710,現金,,,,富邦,,1D5CD4606DEB4CE8BC01331E8F2451EC,0,
1500,TWD,1535,餐飲食品,食材,20260711,信用卡,,,,永豐,,A8203D44D693412EB9439DFCC51D03B9,0,
1501,TWD,11600,休閒娛樂,旅行遊玩,20260711,現金,,,,,,35B0CF737E1F46EC82777F927B73A929,0,
1502,TWD,12204,居家生活,管理費,20260713,現金,,,,,,0D25D53C52724176B81A71D2DBEEA1D4,0,
1503,TWD,1088,醫療保健,健身,20260714,信用卡,,,,永豐,,B2F2AA6DAD0D493EAFDC637EDC79349C,0,
1504,TWD,1410,圖書刊物,書籍,20260714,信用卡,,,,富邦,,92D6D10041914E3CA5DB465248C00F8D,0,
1505,TWD,9121,餐飲食品,食材,20260716,信用卡,,,,富邦,,6E14AE6C389B4FCA8B25AEFB8EA2B326,0,
1506,TWD,10000,餐飲食品,cash,20260717,現金,,,,,,C4BB1AA42CD344409C59474F80008FD1,0,
1507,TWD,1794,汽機車,油錢,20260717,信用卡,,,,永豐,,5340BB2B9A1441A29BED2EBE7F643B6D,0,
1508,TWD,3408,餐飲食品,晚餐,20260718,信用卡,,,,永豐,,64E0905FC9704CD9BFD695C5DA2A591D,0,
1509,TWD,1400,休閒娛樂,旅行遊玩,20260718,信用卡,,,,永豐,,D0665E5F2C304C1F88516D8529FC8F1F,0,
1510,TWD,3200,稅務捐款,慈善捐款,20260720,信用卡,,,,富邦,,B444DC8445A142D5B51B8AD89AA09EBE,0,
1511,TWD,4140,休閒娛樂,旅行遊玩,20260721,信用卡,,,,富邦,,82E5BFC9FE13467AA34ABD5635D8B1A8,0,
1512,TWD,4993,居家生活,電費,20260722,現金,,,,,,1BE61FA7BEDE400896437A159BB07FDE,0,
1513,TWD,2000,休閒娛樂,旅行遊玩,20260726,信用卡,,,,富邦,,FBA0744E6BA0493C908309A01F2489DE,0,
1514,TWD,16886,休閒娛樂,旅行遊玩,20260730,信用卡,,,,富邦,,1AD47808B8F74F5A9FB488DDF94F229B,0,
1515,TWD,4743,休閒娛樂,旅行遊玩,20260730,信用卡,,,,永豐,,D032804BB8894C338F71369B590356E6,0,
1516,TWD,1025,休閒娛樂,旅行遊玩,20260801,信用卡,,,,永豐,,3A9FA44A222E4AC5960D8A02E3B09B30,0,
1517,TWD,2691,休閒娛樂,旅行遊玩,20260801,信用卡,,,,永豐,,679D81F0E2D54ABBA7531EC2E3E041B1,0,
1518,TWD,1823,休閒娛樂,旅行遊玩,20260801,信用卡,,,,永豐,,2DD48AC6CAF54737A21F4CC5AD3B1C0D,0,
1519,TWD,4690,休閒娛樂,旅行遊玩,20260801,信用卡,,,,永豐,,742B9586818249148387CE340411210B,0,
1520,TWD,4828,休閒娛樂,旅行遊玩,20260801,信用卡,,,,永豐,,477A7BC979E54A98B5B9520A64EC825B,0,
1521,TWD,2325,休閒娛樂,旅行遊玩,20260801,信用卡,,,,永豐,,B350FF53BDD047899240BB4295FB8C16,0,
1522,TWD,1500,稅務捐款,慈善捐款,20260802,信用卡,,,,永豐,,03A13972A1DD46CC832E2DD907D10449,0,
1523,TWD,4441,休閒娛樂,旅行遊玩,20260802,信用卡,,,,永豐,,2312EFE24ABF4A299DA29932453DA38E,0,
1524,TWD,3179,休閒娛樂,旅行遊玩,20260802,信用卡,,,,永豐,,0D8F6F81DCD4491E96DDED0DD82DE296,0,
1525,TWD,1799,休閒娛樂,旅行遊玩,20260802,信用卡,,,,富邦,,172E68F946E94799B227DBFDDB647966,0,
1526,TWD,6223,休閒娛樂,旅行遊玩,20260802,信用卡,,,,永豐,,70E18B325E7D4256B8E2270F84E1D1B0,0,
1527,TWD,1500,稅務捐款,慈善捐款,20260803,信用卡,,,1|20211003|20260903||2|1,,,e9ec2a398cd94d7cbe88b2298330d995_20260803,,0
1528,TWD,100000,餐飲食品,Wife,20260803,現金,,,,,,D7D608F3098F4C88A2E4AA23E0664101,0,
1529,TWD,3907,休閒娛樂,旅行遊玩,20260803,信用卡,,,,永豐,,A4D42953BF504366B179AF87396EA6B0,0,
1530,TWD,2276,休閒娛樂,旅行遊玩,20260803,信用卡,,,,永豐,,E440B8885E47411199749D2225FA72D2,0,
1531,TWD,1648,休閒娛樂,旅行遊玩,20260803,信用卡,,,,永豐,,F8FF8156F4C7419789F3E4DC208E9B6A,0,
1532,TWD,1484,休閒娛樂,旅行遊玩,20260804,信用卡,,,,永豐,,F9D311D17B6B41BA80B221C11FC6F690,0,
1533,TWD,1742,休閒娛樂,旅行遊玩,20260804,信用卡,,,,永豐,,AC61F4243F004F9AA065E9FA28A5B56F,0,
1534,TWD,1753,休閒娛樂,旅行遊玩,20260805,信用卡,,,,永豐,,8802EF5DBE3E4E54BF40F097BFD3FEB3,0,
1535,TWD,1485,休閒娛樂,旅行遊玩,20260805,信用卡,,,,永豐,,224F77FEE5A94EEB9C6737ABF5BAD3DF,0,
1536,TWD,6180,休閒娛樂,旅行遊玩,20260805,信用卡,,,,永豐,,0E5EF1E474C04737A0EB9FE4F46711AC,0,
1537,TWD,1031,休閒娛樂,旅行遊玩,20260805,信用卡,,,,永豐,,8C3D88ED98234C4F85DFDADDF4C51FBE,0,
1538,TWD,2749,休閒娛樂,旅行遊玩,20260806,信用卡,,,,永豐,,B76B7441F4B24EC090235128D93EB23A,0,
1539,TWD,18961,休閒娛樂,旅行遊玩,20260806,信用卡,,,,永豐,,DDEDACD387154731B8AD39A9AFEAE984,0,
1540,TWD,5408,休閒娛樂,旅行遊玩,20260806,信用卡,,,,永豐,,D6BEAE929E7A4D12A66392575926B37F,0,
1541,TWD,1615,休閒娛樂,旅行遊玩,20260806,信用卡,,,,永豐,,C03123FC90B04FB6A1EA1AD2FBBFEA35,0,
1542,TWD,1024,休閒娛樂,旅行遊玩,20260807,信用卡,,,,永豐,,3C92C99D7118441FA8AE6B5ADEAD7037,0,
1543,TWD,1848,休閒娛樂,旅行遊玩,20260807,信用卡,,,,永豐,,EFCB97047C0746CEB2CCE503A1D59BBC,0,
1544,TWD,1210,休閒娛樂,旅行遊玩,20260807,信用卡,,,,永豐,,A91CEB03D83B44C1849A5D7475C3E438,0,
1545,TWD,3633,休閒娛樂,旅行遊玩,20260807,信用卡,,,,永豐,,ECE013EF5D6E490593EC94E69882288A,0,
1546,TWD,2258,休閒娛樂,旅行遊玩,20260807,信用卡,,,,永豐,,7C43D565896246ABB8AB797C485EDF5C,0,
1547,TWD,1024,休閒娛樂,旅行遊玩,20260807,信用卡,,,,永豐,,08CE553211D54B03BBA7509C3EA1D571,0,
1548,TWD,2434,休閒娛樂,旅行遊玩,20260807,信用卡,,,,永豐,,B567A333AA044631B6D2EDF8E60A63ED,0,
1549,TWD,4657,休閒娛樂,旅行遊玩,20260809,信用卡,,,,永豐,,224D2111A09A47BCAA9CC769AABEB86E,0,
1550,TWD,345975,休閒娛樂,旅行遊玩,20260725,信用卡,,,,永豐,,89381562C34A46ADBF205CBAACB6E50C,0,
1551,TWD,1531,汽機車,油錢,20260813,信用卡,,,,永豐,,55AD3236B5984228A0987862343FB23B,0,
1552,TWD,1088,醫療保健,健身,20260814,信用卡,,,,永豐,,28B0CD4796DE45CE81E643B650FB08E1,0,
1553,TWD,11840,休閒娛樂,旅行遊玩,20260816,信用卡,,,,永豐,,65465567F5EF49409E316312C099BD1B,0,
1554,TWD,70000,休閒娛樂,旅行遊玩,20260819,信用卡,,,,永豐,,93744CF6F2FE405DAAA92B5F81A5F11F,0,
1555,TWD,3200,稅務捐款,慈善捐款,20260820,信用卡,,,,富邦,,4C7FCA24BEE34F9FB43535F07F773DD3,0,
1556,TWD,4102,居家生活,電費,20260820,現金,,,,,,0B780DB8FF9C402ABFEDEDF8EE163F61,0,
1557,TWD,10000,餐飲食品,cash,20260821,現金,,,,,,7A6944C95B214700BDCE984903E34CFB,0,
1558,TWD,500000,居家生活,房地產,20260823,現金,,,,,,F108FF25B0794795BA39571A81F65EB8,0,
1559,TWD,8288,休閒娛樂,旅行遊玩,20260824,信用卡,,,,永豐,,7F236159FF534B808E8F7518D63879F5,0,
1560,TWD,2070,汽機車,油錢,20260827,信用卡,,,,永豐,,B31D4E92BB3D4D4EBBF3E8B8B20DD4E2,0,
1561,TWD,1739,餐飲食品,食材,20260829,信用卡,,,,永豐,,2112BBDFB5AF4CB4A6599B477847769F,0,
1562,TWD,1500,稅務捐款,慈善捐款,20260902,信用卡,,,,富邦,,6FFCB883295741E0AA9327DA87116DD3,0,
1563,TWD,1500,稅務捐款,慈善捐款,20260903,信用卡,,,1|20211003|20260903||2|1,,,e9ec2a398cd94d7cbe88b2298330d995_20260903,,0
1564,TWD,100000,餐飲食品,Wife,20260903,現金,,,,,,01E8E89C65A5491BAC8FC0B33F074074,0,
1565,TWD,10000,餐飲食品,cash,20260905,現金,,,,,,063A420331794B0AA3C4ACC0C17ED72C,0,
1566,TWD,2769,餐飲食品,食材,20260905,信用卡,,,,永豐,,DE68744248D34014A6883CDB607BF439,0,
1567,TWD,33816,汽機車,維修保養,20260905,信用卡,,,,永豐,,84924819C20E47F383ED16DBBC6AAC44,0,
1568,TWD,12663,餐飲食品,食材,20260905,信用卡,,,,富邦,,186F8F1A13F04A05882C19F699EA0A04,0,
1569,TWD,40000,教育學習,學雜費,20260906,現金,,,,,,B72D816E5616474B942511F301CDE078,0,
1570,TWD,7000,餐飲食品,晚餐,20260909,現金,,,,,,05745E94D8F84DCB8FF6CA38743BD7FF,0,
1571,TWD,2168,汽機車,油錢,20260913,信用卡,,,,永豐,,4F9B8B79BD584B58AD17B317B6250254,0,
1572,TWD,7756,餐飲食品,晚餐,20260913,信用卡,,,,永豐,,60E327520EE842718651B09CE284C59C,0,
1573,TWD,1088,醫療保健,健身,20260913,信用卡,,,,永豐,,C021325724A447F98C086B258CD36230,0,
1574,TWD,25399,餐飲食品,晚餐,20260914,信用卡,,,,永豐,,CC450185ECEA4844872FD510B704EA8B,0,0